case,sex,expectancy,age,transition,effect
1,f,h,0,init,4.93142489494301
1,f,u,0,init,-2.5720203485956277
1,f,t,0,init,2.3594045463473825
1,f,h,0,HH,25.9104632565009
1,f,h,1,HH,24.933337401414086
1,f,h,2,HH,23.9591970832836
1,f,h,3,HH,22.991138842500153
1,f,h,4,HH,22.031151615607662
1,f,h,5,HH,21.080606357716828
1,f,h,6,HH,20.14053245010296
1,f,h,7,HH,19.211776025239825
1,f,h,8,HH,18.295092027238372
1,f,h,9,HH,17.391198572647358
1,f,h,10,HH,16.50080953460033
1,f,h,11,HH,15.624654315817974
1,f,h,12,HH,14.763489901527171
1,f,h,13,HH,13.918108100946787
1,f,h,14,HH,13.089339642697151
1,f,h,15,HH,12.278056072793248
1,f,h,16,HH,11.485169984983887
1,f,h,17,HH,10.711633863588876
1,f,h,18,HH,9.958437665547544
1,f,h,19,HH,9.226605169003841
1,f,h,20,HH,8.517189045952923
1,f,h,21,HH,7.831264562152996
1,f,h,22,HH,7.169921760947364
1,f,h,23,HH,6.534255945442841
1,f,h,24,HH,5.92535623556099
1,f,h,25,HH,5.344291945645744
1,f,h,26,HH,4.792096510261041
1,f,h,27,HH,4.269748689149214
1,f,h,28,HH,3.7781508185670765
1,f,h,29,HH,3.3181039595447444
1,f,h,30,HH,2.8902799400701875
1,f,h,31,HH,2.4951905141302624
1,f,h,32,HH,2.1331541798558695
1,f,h,33,HH,1.8042616190828513
1,f,h,34,HH,1.5083412365233149
1,f,h,35,HH,1.244926864113563
1,f,h,36,HH,1.0132303035164931
1,f,h,37,HH,0.8121219220650951
1,f,h,38,HH,0.6401228732839014
1,f,h,39,HH,0.49541253060693496
1,f,h,40,HH,0.3758542381241518
1,f,h,41,HH,0.27904135454799406
1,f,h,42,HH,0.20236373112691006
1,f,h,43,HH,0.14309229400798834
1,f,h,44,HH,0.09847656297027893
1,f,h,45,HH,0.06584721150326292
1,f,h,46,HH,0.04271380390219332
1,f,h,47,HH,0.02684730714403748
1,f,h,48,HH,0.016338349827250645
1,f,h,49,HH,0.00962553203860348
1,f,h,50,HH,0.00549282822755758
1,f,h,51,HH,0.003040170533345877
1,f,h,52,HH,0.0016353123223990676
1,f,h,53,HH,8.569640230364794e-4
1,f,h,54,HH,4.385921850131474e-4
1,f,h,55,HH,2.1968362561268137e-4
1,f,h,56,HH,1.0782895324489728e-4
1,f,h,57,HH,5.187947706623436e-5
1,f,h,58,HH,2.444337712570503e-5
1,f,h,59,HH,1.1231827386525867e-5
1,f,h,60,HH,4.831206129637406e-6
1,f,h,61,HH,0
1,f,h,0,HU,20.858334743996338
1,f,h,1,HU,19.779568907136966
1,f,h,2,HU,18.711910875925152
1,f,h,3,HU,17.65931522084864
1,f,h,4,HU,16.624821040088836
1,f,h,5,HU,15.610960370381537
1,f,h,6,HU,14.619976195883252
1,f,h,7,HU,13.65393478555011
1,f,h,8,HU,12.714778531065646
1,f,h,9,HU,11.804344909799775
1,f,h,10,HU,10.924366119206608
1,f,h,11,HU,10.076457884493054
1,f,h,12,HU,9.262102597049193
1,f,h,13,HU,8.48263005502156
1,f,h,14,HU,7.739197981369499
1,f,h,15,HU,7.032773826392246
1,f,h,16,HU,6.364118923821965
1,f,h,17,HU,5.733775755306175
1,f,h,18,HU,5.1420588307051025
1,f,h,19,HU,4.5890494823678525
1,f,h,20,HU,4.074594687379066
1,f,h,21,HU,3.598309868298737
1,f,h,22,HU,3.159585480320856
1,f,h,23,HU,2.7575970733180064
1,f,h,24,HU,2.3913184237800515
1,f,h,25,HU,2.0595372667221534
1,f,h,26,HU,1.7608731228433572
1,f,h,27,HU,1.4937967118981232
1,f,h,28,HU,1.256650468225736
1,f,h,29,HU,1.047669725816863
1,f,h,30,HU,0.8650042135223374
1,f,h,31,HU,0.706739589436205
1,f,h,32,HU,0.5709188385077716
1,f,h,33,HU,0.45556344844525265
1,f,h,34,HU,0.3586943535708393
1,f,h,35,HU,0.2783526808955564
1,f,h,36,HU,0.2126203337445602
1,f,h,37,HU,0.15964039425901644
1,f,h,38,HU,0.11763721049922733
1,f,h,39,HU,0.08493585890658233
1,f,h,40,HU,0.05998045358954019
1,f,h,41,HU,0.0413505413178641
1,f,h,42,HU,0.027774622832770497
1,f,h,43,HU,0.01813973705831686
1,f,h,44,HU,0.01149609661660898
1,f,h,45,HU,0.007056016533091272
1,f,h,46,HU,0.004186842067456478
1,f,h,47,HU,0.0023982100354044467
1,f,h,48,HU,0.0013246641168309999
1,f,h,49,HU,7.052376434180233e-4
1,f,h,50,HU,3.6196262372313744e-4
1,f,h,51,HU,1.7925749568420714e-4
1,f,h,52,HU,8.578182229350116e-5
1,f,h,53,HU,3.972748456621861e-5
1,f,h,54,HU,1.782210200140109e-5
1,f,h,55,HU,7.736238119075144e-6
1,f,h,56,HU,3.2310042128178833e-6
1,f,h,57,HU,1.2769377815681225e-6
1,f,h,58,HU,4.553523181939204e-7
1,f,h,59,HU,1.2306934339330453e-7
1,f,h,60,HU,0
1,f,h,61,HU,0
1,f,h,0,UH,0.16074908793754553
1,f,h,1,UH,0.15468697749009955
1,f,h,2,UH,0.1567640361502084
1,f,h,3,UH,0.16414270977402393
1,f,h,4,UH,0.17518270891583107
1,f,h,5,UH,0.18892706714157304
1,f,h,6,UH,0.20481109675001416
1,f,h,7,UH,0.2224949971217479
1,f,h,8,UH,0.24176588412175656
1,f,h,9,UH,0.2624792364643416
1,f,h,10,UH,0.28452296570282437
1,f,h,11,UH,0.30779461336098835
1,f,h,12,UH,0.33218626175355254
1,f,h,13,UH,0.35757406088106025
1,f,h,14,UH,0.3838106068657548
1,f,h,15,UH,0.41071918797632306
1,f,h,16,UH,0.4380893808877701
1,f,h,17,UH,0.4656737658936661
1,f,h,18,UH,0.493185710503294
1,f,h,19,UH,0.5202982886169533
1,f,h,20,UH,0.5466444809587203
1,f,h,21,UH,0.571818854412877
1,f,h,22,UH,0.5953809495370489
1,f,h,23,UH,0.6168606188398348
1,f,h,24,UH,0.6357655526394917
1,f,h,25,UH,0.6515912016448039
1,f,h,26,UH,0.663833251419775
1,f,h,27,UH,0.6720027180049811
1,f,h,28,UH,0.6756436098247264
1,f,h,29,UH,0.6743529322531826
1,f,h,30,UH,0.6678025926544863
1,f,h,31,UH,0.6557624931481568
1,f,h,32,UH,0.6381237791839584
1,f,h,33,UH,0.614920856715097
1,f,h,34,UH,0.58635042503069
1,f,h,35,UH,0.5527854393178269
1,f,h,36,UH,0.5147816806224748
1,f,h,37,UH,0.4730745558544187
1,f,h,38,UH,0.42856397719748673
1,f,h,39,UH,0.38228578064806107
1,f,h,40,UH,0.3353692156349909
1,f,h,41,UH,0.28898158964267745
1,f,h,42,UH,0.2442630973058669
1,f,h,43,UH,0.20225697327079925
1,f,h,44,UH,0.16384199490084547
1,f,h,45,UH,0.12967551337006106
1,f,h,46,UH,0.10015507814121645
1,f,h,47,UH,0.07540496160596462
1,f,h,48,UH,0.05529046845968665
1,f,h,49,UH,0.03945832569027256
1,f,h,50,UH,0.027396709476770014
1,f,h,51,UH,0.018504874240601855
1,f,h,52,UH,0.012161040918256755
1,f,h,53,UH,0.007778646498261749
1,f,h,54,UH,0.00484477494987687
1,f,h,55,UH,0.002939289559599537
1,f,h,56,UH,0.0017373186022205814
1,f,h,57,UH,0.0010001824035660784
1,f,h,58,UH,5.602863651206482e-4
1,f,h,59,UH,3.0422863635470003e-4
1,f,h,60,UH,1.5374314563331814e-4
1,f,h,61,UH,0
1,f,h,0,UU,0.129405570745717
1,f,h,1,UU,0.12271288360011694
1,f,h,2,UU,0.1224312593947323
1,f,h,3,UU,0.1260767408244032
1,f,h,4,UU,0.13219377887538256
1,f,h,5,UU,0.13990740626679685
1,f,h,6,UU,0.1486720058943944
1,f,h,7,UU,0.15812864863822929
1,f,h,8,UU,0.16802318722413298
1,f,h,9,UU,0.17815882131086108
1,f,h,10,UU,0.18836851853495462
1,f,h,11,UU,0.19849907690219862
1,f,h,12,UU,0.2084021635950302
1,f,h,13,UU,0.21792965349359927
1,f,h,14,UU,0.22693171351397395
1,f,h,15,UU,0.23525671637854242
1,f,h,16,UU,0.24275242968789354
1,f,h,17,UU,0.24926813059204336
1,f,h,18,UU,0.2546574094292528
1,f,h,19,UU,0.25878148553226715
1,f,h,20,UU,0.26151288717230614
1,f,h,21,UU,0.2627393584245681
1,f,h,22,UU,0.262367856461567
1,f,h,23,UU,0.260328498204026
1,f,h,24,UU,0.256578308339901
1,f,h,25,UU,0.2511046133153554
1,f,h,26,UU,0.2439279192253003
1,f,h,27,UU,0.23510410650011015
1,f,h,28,UU,0.22472577178959302
1,f,h,29,UU,0.21292254861551224
1,f,h,30,UU,0.1998602448291718
1,f,h,31,UU,0.18573864903327206
1,f,h,32,UU,0.17078788316206517
1,f,h,33,UU,0.15526321850621536
1,f,h,34,UU,0.13943833237441244
1,f,h,35,UU,0.12359706696803115
1,f,h,36,UU,0.10802386422876518
1,f,h,37,UU,0.09299319050330364
1,f,h,38,UU,0.07875842733025912
1,f,h,39,UU,0.06554087577748052
1,f,h,40,UU,0.053519677665868175
1,f,h,41,UU,0.04282356348928311
1,f,h,42,UU,0.033525352403094746
1,f,h,43,UU,0.025640013243050663
1,f,h,44,UU,0.01912681907680455
1,f,h,45,UU,0.01389569194180544
1,f,h,46,UU,0.009817282848215338
1,f,h,47,UU,0.0067357569484533366
1,f,h,48,UU,0.004482784390450761
1,f,h,49,UU,0.0028910086747855252
1,f,h,50,UU,0.0018053695533096414
1,f,h,51,UU,0.0010911024161104502
1,f,h,52,UU,6.379186634046071e-4
1,f,h,53,UU,3.606056385083617e-4
1,f,h,54,UU,1.9686642006161182e-4
1,f,h,55,UU,1.0350814208640276e-4
1,f,h,56,UU,5.205729587333454e-5
1,f,h,57,UU,2.4618033407364173e-5
1,f,h,58,UU,1.0437497809655617e-5
1,f,h,59,UU,3.3334930487383808e-6
1,f,h,60,UU,0
1,f,h,61,UU,0
1,f,u,0,HH,2.8431945689314175
1,f,u,1,HH,2.837093787417251
1,f,u,2,HH,2.8291925716399113
1,f,u,3,HH,2.8196040541342042
1,f,u,4,HH,2.808325808091641
1,f,u,5,HH,2.795281683359601
1,f,u,6,HH,2.780345890945567
1,f,u,7,HH,2.763357142256841
1,f,u,8,HH,2.7441272151926155
1,f,u,9,HH,2.722446439320033
1,f,u,10,HH,2.6980875510320006
1,f,u,11,HH,2.6708087865483168
1,f,u,12,HH,2.640356751181765
1,f,u,13,HH,2.6064694158026462
1,f,u,14,HH,2.5688794841679283
1,f,u,15,HH,2.5273183130467816
1,f,u,16,HH,2.481520530933343
1,f,u,17,HH,2.4312294786820567
1,f,u,18,HH,2.376203579018485
1,f,u,19,HH,2.3162237261228458
1,f,u,20,HH,2.2511017668314626
1,f,u,21,HH,2.180690117114124
1,f,u,22,HH,2.1048925167867263
1,f,u,23,HH,2.0236758669102985
1,f,u,24,HH,1.9370830126375933
1,f,u,25,HH,1.8452462239715004
1,f,u,26,HH,1.7484009831942144
1,f,u,27,HH,1.6468995075701465
1,f,u,28,HH,1.5412232197389268
1,f,u,29,HH,1.4319931322218171
1,f,u,30,HH,1.3199768516511934
1,f,u,31,HH,1.2060906597983863
1,f,u,32,HH,1.0913949346411411
1,f,u,33,HH,0.9770810953703429
1,f,u,34,HH,0.8644483668334131
1,f,u,35,HH,0.7548690488606096
1,f,u,36,HH,0.6497417293670606
1,f,u,37,HH,0.5504330569749127
1,f,u,38,HH,0.45821029060254925
1,f,u,39,HH,0.3741687727694251
1,f,u,40,HH,0.2991604963665952
1,f,u,41,HH,0.23373166210093352
1,f,u,42,HH,0.17807803520663587
1,f,u,43,HH,0.1320264440380284
1,f,u,44,HH,0.09504848531216531
1,f,u,45,HH,0.06630832667818586
1,f,u,46,HH,0.04474090272341182
1,f,u,47,HH,0.029150903559453743
1,f,u,48,HH,0.01831834827922538
1,f,u,49,HH,0.011094815550914117
1,f,u,50,HH,0.006476503330840411
1,f,u,51,HH,0.0036459022512743506
1,f,u,52,HH,0.001981332642388397
1,f,u,53,HH,0.0010404637246219654
1,f,u,54,HH,5.280312231688002e-4
1,f,u,55,HH,2.5839757844184867e-4
1,f,u,56,HH,1.2104597091842054e-4
1,f,u,57,HH,5.327361055647292e-5
1,f,u,58,HH,2.0951993812173753e-5
1,f,u,59,HH,6.173544769497925e-6
1,f,u,60,HH,0
1,f,u,61,HH,0
1,f,u,0,HU,5.433670272159714
1,f,u,1,HU,5.435157467898756
1,f,u,2,HU,5.429987620434948
1,f,u,3,HU,5.4181511036222645
1,f,u,4,HU,5.399448635140488
1,f,u,5,HU,5.37357647123069
1,f,u,6,HU,5.340179017749095
1,f,u,7,HU,5.298882951557092
1,f,u,8,HU,5.249320654917316
1,f,u,9,HU,5.191147301863468
1,f,u,10,HU,5.124054009234177
1,f,u,11,HU,5.047778387772385
1,f,u,12,HU,4.962113227951286
1,f,u,13,HU,4.8669137264839195
1,f,u,14,HU,4.762103488521164
1,f,u,15,HU,4.647679462006026
1,f,u,16,HU,4.52371593597052
1,f,u,17,HU,4.3903677399076
1,f,u,18,HU,4.247872801032042
1,f,u,19,HU,4.096554239047602
1,f,u,20,HU,3.936822195193423
1,f,u,21,HU,3.7691755963828992
1,f,u,22,HU,3.5942040393914505
1,f,u,23,HU,3.4125899379205493
1,f,u,24,HU,3.2251110009889663
1,f,u,25,HU,3.032642999181399
1,f,u,26,HU,2.8361626218284606
1,f,u,27,HU,2.6367500315945396
1,f,u,28,HU,2.4355904856307378
1,f,u,29,HU,2.2339741231346277
1,f,u,30,HU,2.033292735782528
1,f,u,31,HU,1.8350320705184915
1,f,u,32,HU,1.6407580097374252
1,f,u,33,HU,1.4520948957903732
1,f,u,34,HU,1.2706943955454164
1,f,u,35,HU,1.0981937277315112
1,f,u,36,HU,0.9361628889382937
1,f,u,37,HU,0.7860417737535108
1,f,u,38,HU,0.6490697879106722
1,f,u,39,HU,0.5262125917488072
1,f,u,40,HU,0.4180927289182719
1,f,u,41,HU,0.32493266834927054
1,f,u,42,HU,0.24651964935781093
1,f,u,43,HU,0.18220105812433818
1,f,u,44,HU,0.13091640350731332
1,f,u,45,HU,0.09126721025828667
1,f,u,46,HU,0.06161983851863377
1,f,u,47,HU,0.04022962220990511
1,f,u,48,HU,0.02536959366503923
1,f,u,49,HU,0.015445251275435562
1,f,u,50,HU,0.009079421528206929
1,f,u,51,HU,0.005157946756547017
1,f,u,52,HU,0.0028357980549156823
1,f,u,53,HU,0.0015114080705320115
1,f,u,54,HU,7.81942240873512e-4
1,f,u,55,HU,3.927437973506086e-4
1,f,u,56,HU,1.910554437538572e-4
1,f,u,57,HU,8.937118761794476e-5
1,f,u,58,HU,3.9494739738075325e-5
1,f,u,59,HU,1.5747163661547212e-5
1,f,u,60,HU,4.831206129637406e-6
1,f,u,61,HU,0
1,f,u,0,UH,0.017639242079936078
1,f,u,1,UH,0.017601392696295192
1,f,u,2,UH,0.018511290050112
1,f,u,3,UH,0.020130253360041178
1,f,u,4,UH,0.022330658476845334
1,f,u,5,UH,0.025051668880405293
1,f,u,6,UH,0.02827361653321364
1,f,u,7,UH,0.032002930838098936
1,f,u,8,UH,0.03626307762409007
1,f,u,9,UH,0.04108892551153309
1,f,u,10,UH,0.046523043014088654
1,f,u,11,UH,0.05261303969999117
1,f,u,12,UH,0.05940941096726032
1,f,u,13,UH,0.06696354467224153
1,f,u,14,UH,0.07532566353212261
1,f,u,15,UH,0.08454254640458866
1,f,u,16,UH,0.09465491538028846
1,f,u,17,UH,0.10569440680175039
1,f,u,18,UH,0.11768007088833513
1,f,u,19,UH,0.13061437209909482
1,f,u,20,UH,0.1444786948223909
1,f,u,21,UH,0.1592283997943319
1,f,u,22,UH,0.17478752866507183
1,f,u,23,UH,0.19104331970101976
1,f,u,24,UH,0.2078407783564281
1,f,u,25,UH,0.22497764280780677
1,f,u,26,UH,0.2422001950449288
1,f,u,27,UH,0.25920048835209725
1,f,u,28,UH,0.27561568336889003
1,f,u,29,UH,0.2910302930390086
1,f,u,30,UH,0.30498221004681203
1,f,u,31,UH,0.316973398845971
1,f,u,32,UH,0.3264860397116212
1,f,u,33,UH,0.33300466955045654
1,f,u,34,UH,0.33604442750513025
1,f,u,35,UH,0.33518484565674667
1,f,u,36,UH,0.3301077141626214
1,f,u,37,UH,0.3206364301727653
1,f,u,38,UH,0.30677301613365626
1,f,u,39,UH,0.28872786325579536
1,f,u,40,UH,0.2669365164436403
1,f,u,41,UH,0.24205783896499677
1,f,u,42,UH,0.21494905336785322
1,f,u,43,UH,0.186615702459473
1,f,u,44,UH,0.15813847453783414
1,f,u,45,UH,0.13058360568962563
1,f,u,46,UH,0.10490820762844251
1,f,u,47,UH,0.08187498105067748
1,f,u,48,UH,0.06199096411051087
1,f,u,49,UH,0.04548141793365072
1,f,u,50,UH,0.03230300909287046
1,f,u,51,UH,0.022191834936018503
1,f,u,52,UH,0.014734229667770535
1,f,u,53,UH,0.0094442698766066
1,f,u,54,UH,0.005832736036289294
1,f,u,55,UH,0.0034572686171840264
1,f,u,56,UH,0.001950268556561131
1,f,u,57,UH,0.0010270598484443019
1,f,u,58,UH,4.8025755175654973e-4
1,f,u,59,UH,1.6721848031177623e-4
1,f,u,60,UH,0
1,f,u,61,UH,0
1,f,u,0,UU,0.033710610719547035
1,f,u,1,UU,0.033719837314852154
1,f,u,2,UU,0.03552818454917889
1,f,u,3,UU,0.03868229452251723
1,f,u,4,UU,0.042934207664645854
1,f,u,5,UU,0.048158673690092677
1,f,u,6,UU,0.05430481662668329
1,f,u,7,UU,0.06136730646382063
1,f,u,8,UU,0.06936869447200335
1,f,u,9,UU,0.0783481583788066
1,f,u,10,UU,0.08835391015644906
1,f,u,11,UU,0.09943765575814703
1,f,u,12,UU,0.11165014875110812
1,f,u,13,UU,0.12503726027377565
1,f,u,14,UU,0.13963621387932876
1,f,u,15,UU,0.15547177202091714
1,f,u,16,UU,0.17255224923031426
1,f,u,17,UU,0.19086528769905545
1,f,u,18,UU,0.2103733774176731
1,f,u,19,UU,0.23100914374914286
1,f,u,20,UU,0.25267046603137866
1,f,u,21,UU,0.27521553569020324
1,f,u,22,UU,0.2984580146269309
1,f,u,23,UU,0.3221625168234203
1,f,u,24,UU,0.3460407098499672
1,f,u,25,UU,0.3697484187042381
1,f,u,26,UU,0.3928842106523146
1,f,u,27,UU,0.4149900420214938
1,f,u,28,UU,0.43555464744269434
1,f,u,29,UU,0.45402043422420796
1,f,u,30,UU,0.4697946872745247
1,f,u,31,UU,0.48226586256860426
1,f,u,32,UU,0.4908256101632272
1,f,u,33,UU,0.49489687521310227
1,f,u,34,UU,0.4939679303799594
1,f,u,35,UU,0.48763145831253313
1,f,u,36,UU,0.4756268181394768
1,f,u,37,UU,0.45788243476532536
1,f,u,38,UU,0.43455396048995176
1,f,u,39,UU,0.40605269143492323
1,f,u,40,UU,0.37305800051587523
1,f,u,41,UU,0.3365076806572724
1,f,u,42,UU,0.29756148872908267
1,f,u,43,UU,0.25753612239180623
1,f,u,44,UU,0.21781431102907123
1,f,u,45,UU,0.17973612054187232
1,f,u,46,UU,0.1444858377871141
1,f,u,47,UU,0.11299133659422038
1,f,u,48,UU,0.08585302268607126
1,f,u,49,UU,0.06331533184348064
1,f,u,50,UU,0.04528564584951949
1,f,u,51,UU,0.03139532964441237
1,f,u,52,UU,0.021088483043501947
1,f,u,53,UU,0.013719022945246693
1,f,u,54,UU,0.008637486736616195
1,f,u,55,UU,0.0052547737225777215
1,f,u,56,UU,0.003078247228601299
1,f,u,57,UU,0.0017229836208092503
1,f,u,58,UU,9.052907892159353e-4
1,f,u,59,UU,4.265323853671351e-4
1,f,u,60,UU,1.5374314563331814e-4
1,f,u,61,UU,0
1,f,t,0,HH,28.753657825432317
1,f,t,1,HH,27.770431188831335
1,f,t,2,HH,26.78838965492351
1,f,t,3,HH,25.810742896634356
1,f,t,4,HH,24.839477423699304
1,f,t,5,HH,23.87588804107643
1,f,t,6,HH,22.920878341048525
1,f,t,7,HH,21.975133167496665
1,f,t,8,HH,21.03921924243099
1,f,t,9,HH,20.11364501196739
1,f,t,10,HH,19.19889708563233
1,f,t,11,HH,18.29546310236629
1,f,t,12,HH,17.403846652708935
1,f,t,13,HH,16.524577516749435
1,f,t,14,HH,15.65821912686508
1,f,t,15,HH,14.80537438584003
1,f,t,16,HH,13.96669051591723
1,f,t,17,HH,13.142863342270934
1,f,t,18,HH,12.33464124456603
1,f,t,19,HH,11.542828895126686
1,f,t,20,HH,10.768290812784386
1,f,t,21,HH,10.01195467926712
1,f,t,22,HH,9.274814277734091
1,f,t,23,HH,8.55793181235314
1,f,t,24,HH,7.862439248198583
1,f,t,25,HH,7.1895381696172445
1,f,t,26,HH,6.5404974934552556
1,f,t,27,HH,5.916648196719361
1,f,t,28,HH,5.319374038306003
1,f,t,29,HH,4.750097091766562
1,f,t,30,HH,4.210256791721381
1,f,t,31,HH,3.7012811739286486
1,f,t,32,HH,3.2245491144970106
1,f,t,33,HH,2.7813427144531944
1,f,t,34,HH,2.372789603356728
1,f,t,35,HH,1.9997959129741725
1,f,t,36,HH,1.6629720328835538
1,f,t,37,HH,1.362554979040008
1,f,t,38,HH,1.0983331638864506
1,f,t,39,HH,0.8695813033763601
1,f,t,40,HH,0.675014734490747
1,f,t,41,HH,0.5127730166489276
1,f,t,42,HH,0.38044176633354593
1,f,t,43,HH,0.2751187380460168
1,f,t,44,HH,0.19352504828244424
1,f,t,45,HH,0.13215553818144876
1,f,t,46,HH,0.08745470662560514
1,f,t,47,HH,0.05599821070349122
1,f,t,48,HH,0.03465669810647602
1,f,t,49,HH,0.020720347589517598
1,f,t,50,HH,0.011969331558397992
1,f,t,51,HH,0.006686072784620228
1,f,t,52,HH,0.003616644964787465
1,f,t,53,HH,0.0018974277476584448
1,f,t,54,HH,9.666234081819476e-4
1,f,t,55,HH,4.7808120405453005e-4
1,f,t,56,HH,2.2887492416331782e-4
1,f,t,57,HH,1.0515308762270728e-4
1,f,t,58,HH,4.539537093787878e-5
1,f,t,59,HH,1.7405372156023792e-5
1,f,t,60,HH,4.831206129637406e-6
1,f,t,61,HH,0
1,f,t,0,HU,26.292005016156054
1,f,t,1,HU,25.21472637503572
1,f,t,2,HU,24.1418984963601
1,f,t,3,HU,23.077466324470905
1,f,t,4,HU,22.024269675229327
1,f,t,5,HU,20.98453684161223
1,f,t,6,HU,19.960155213632348
1,f,t,7,HU,18.952817737107203
1,f,t,8,HU,17.964099185982963
1,f,t,9,HU,16.995492211663244
1,f,t,10,HU,16.048420128440785
1,f,t,11,HU,15.124236272265438
1,f,t,12,HU,14.224215825000478
1,f,t,13,HU,13.34954378150548
1,f,t,14,HU,12.501301469890663
1,f,t,15,HU,11.680453288398272
1,f,t,16,HU,10.887834859792484
1,f,t,17,HU,10.124143495213774
1,f,t,18,HU,9.389931631737145
1,f,t,19,HU,8.685603721415456
1,f,t,20,HU,8.011416882572489
1,f,t,21,HU,7.367485464681636
1,f,t,22,HU,6.753789519712306
1,f,t,23,HU,6.170187011238555
1,f,t,24,HU,5.616429424769017
1,f,t,25,HU,5.092180265903552
1,f,t,26,HU,4.5970357446718175
1,f,t,27,HU,4.130546743492663
1,f,t,28,HU,3.6922409538564738
1,f,t,29,HU,3.2816438489514907
1,f,t,30,HU,2.8982969493048656
1,f,t,31,HU,2.5417716599546964
1,f,t,32,HU,2.211676848245197
1,f,t,33,HU,1.9076583442356259
1,f,t,34,HU,1.6293887491162558
1,f,t,35,HU,1.3765464086270678
1,f,t,36,HU,1.1487832226828538
1,f,t,37,HU,0.9456821680125272
1,f,t,38,HU,0.7667069984098995
1,f,t,39,HU,0.6111484506553895
1,f,t,40,HU,0.4780731825078121
1,f,t,41,HU,0.3662832096671346
1,f,t,42,HU,0.27429427219058145
1,f,t,43,HU,0.20034079518265505
1,f,t,44,HU,0.1424125001239223
1,f,t,45,HU,0.09832322679137794
1,f,t,46,HU,0.06580668058609025
1,f,t,47,HU,0.042627832245309555
1,f,t,48,HU,0.02669425778187023
1,f,t,49,HU,0.016150488918853585
1,f,t,50,HU,0.009441384151930065
1,f,t,51,HU,0.0053372042522312245
1,f,t,52,HU,0.0029215798772091834
1,f,t,53,HU,0.0015511355550982301
1,f,t,54,HU,7.99764342874913e-4
1,f,t,55,HU,4.004800354696837e-4
1,f,t,56,HU,1.942864479666751e-4
1,f,t,57,HU,9.064812539951288e-5
1,f,t,58,HU,3.9950092056269246e-5
1,f,t,59,HU,1.587023300494052e-5
1,f,t,60,HU,4.831206129637406e-6
1,f,t,61,HU,0
1,f,t,0,UH,0.1783883300174816
1,f,t,1,UH,0.17228837018639476
1,f,t,2,UH,0.17527532620032038
1,f,t,3,UH,0.1842729631340651
1,f,t,4,UH,0.1975133673926764
1,f,t,5,UH,0.21397873602197834
1,f,t,6,UH,0.2330847132832278
1,f,t,7,UH,0.2544979279598468
1,f,t,8,UH,0.2780289617458466
1,f,t,9,UH,0.3035681619758747
1,f,t,10,UH,0.33104600871691303
1,f,t,11,UH,0.3604076530609795
1,f,t,12,UH,0.39159567272081286
1,f,t,13,UH,0.4245376055533018
1,f,t,14,UH,0.4591362703978774
1,f,t,15,UH,0.49526173438091176
1,f,t,16,UH,0.5327442962680585
1,f,t,17,UH,0.5713681726954165
1,f,t,18,UH,0.6108657813916292
1,f,t,19,UH,0.650912660716048
1,f,t,20,UH,0.6911231757811112
1,f,t,21,UH,0.731047254207209
1,f,t,22,UH,0.7701684782021208
1,f,t,23,UH,0.8079039385408546
1,f,t,24,UH,0.8436063309959199
1,f,t,25,UH,0.8765688444526106
1,f,t,26,UH,0.9060334464647037
1,f,t,27,UH,0.9312032063570784
1,f,t,28,UH,0.9512592931936164
1,f,t,29,UH,0.9653832252921912
1,f,t,30,UH,0.9727848027012983
1,f,t,31,UH,0.9727358919941278
1,f,t,32,UH,0.9646098188955796
1,f,t,33,UH,0.9479255262655535
1,f,t,34,UH,0.9223948525358203
1,f,t,35,UH,0.8879702849745735
1,f,t,36,UH,0.8448893947850961
1,f,t,37,UH,0.793710986027184
1,f,t,38,UH,0.735336993331143
1,f,t,39,UH,0.6710136439038564
1,f,t,40,UH,0.6023057320786313
1,f,t,41,UH,0.5310394286076742
1,f,t,42,UH,0.4592121506737201
1,f,t,43,UH,0.3888726757302723
1,f,t,44,UH,0.3219804694386796
1,f,t,45,UH,0.2602591190596867
1,f,t,46,UH,0.20506328576965896
1,f,t,47,UH,0.1572799426566421
1,f,t,48,UH,0.11728143257019752
1,f,t,49,UH,0.08493974362392327
1,f,t,50,UH,0.05969971856964047
1,f,t,51,UH,0.040696709176620355
1,f,t,52,UH,0.026895270586027288
1,f,t,53,UH,0.01722291637486835
1,f,t,54,UH,0.010677510986166164
1,f,t,55,UH,0.006396558176783564
1,f,t,56,UH,0.003687587158781712
1,f,t,57,UH,0.0020272422520103803
1,f,t,58,UH,0.001040543916877198
1,f,t,59,UH,4.7144711666647623e-4
1,f,t,60,UH,1.5374314563331814e-4
1,f,t,61,UH,0
1,f,t,0,UU,0.16311618146526405
1,f,t,1,UU,0.1564327209149691
1,f,t,2,UU,0.15795944394391118
1,f,t,3,UU,0.16475903534692043
1,f,t,4,UU,0.17512798654002842
1,f,t,5,UU,0.1880660799568895
1,f,t,6,UU,0.20297682252107768
1,f,t,7,UU,0.21949595510204992
1,f,t,8,UU,0.23739188169613631
1,f,t,9,UU,0.2565069796896677
1,f,t,10,UU,0.2767224286914037
1,f,t,11,UU,0.29793673266034565
1,f,t,12,UU,0.3200523123461383
1,f,t,13,UU,0.3429669137673749
1,f,t,14,UU,0.3665679273933027
1,f,t,15,UU,0.39072848839945956
1,f,t,16,UU,0.41530467891820777
1,f,t,17,UU,0.4401334182910988
1,f,t,18,UU,0.4650307868469259
1,f,t,19,UU,0.48979062928141
1,f,t,20,UU,0.5141833532036848
1,f,t,21,UU,0.5379548941147713
1,f,t,22,UU,0.5608258710884979
1,f,t,23,UU,0.5824910150274463
1,f,t,24,UU,0.6026190181898682
1,f,t,25,UU,0.6208530320195935
1,f,t,26,UU,0.6368121298776149
1,f,t,27,UU,0.650094148521604
1,f,t,28,UU,0.6602804192322874
1,f,t,29,UU,0.6669429828397202
1,f,t,30,UU,0.6696549321036965
1,f,t,31,UU,0.6680045116018763
1,f,t,32,UU,0.6616134933252924
1,f,t,33,UU,0.6501600937193176
1,f,t,34,UU,0.6334062627543718
1,f,t,35,UU,0.6112285252805643
1,f,t,36,UU,0.583650682368242
1,f,t,37,UU,0.550875625268629
1,f,t,38,UU,0.5133123878202109
1,f,t,39,UU,0.47159356721240375
1,f,t,40,UU,0.4265776781817434
1,f,t,41,UU,0.3793312441465555
1,f,t,42,UU,0.3310868411321774
1,f,t,43,UU,0.2831761356348569
1,f,t,44,UU,0.23694113010587578
1,f,t,45,UU,0.19363181248367775
1,f,t,46,UU,0.15430312063532942
1,f,t,47,UU,0.11972709354267372
1,f,t,48,UU,0.09033580707652202
1,f,t,49,UU,0.06620634051826615
1,f,t,50,UU,0.04709101540282913
1,f,t,51,UU,0.03248643206052282
1,f,t,52,UU,0.021726401706906553
1,f,t,53,UU,0.014079628583755055
1,f,t,54,UU,0.008834353156677806
1,f,t,55,UU,0.0053582818646641245
1,f,t,56,UU,0.003130304524474634
1,f,t,57,UU,0.0017476016542166146
1,f,t,58,UU,9.15728287025591e-4
1,f,t,59,UU,4.298658784158735e-4
1,f,t,60,UU,1.5374314563331814e-4
1,f,t,61,UU,0
1,m,h,0,init,7.814076285559626
1,m,u,0,init,-1.7751868089860066
1,m,t,0,init,6.038889476573619
1,m,h,0,HH,24.293833243289303
1,m,h,1,HH,23.32864781668488
1,m,h,2,HH,22.36260875975753
1,m,h,3,HH,21.40075446555011
1,m,h,4,HH,20.44594444168816
1,m,h,5,HH,19.500009113058784
1,m,h,6,HH,18.564300150028743
1,m,h,7,HH,17.63995743420178
1,m,h,8,HH,16.728040114623052
1,m,h,9,HH,15.829591453957262
1,m,h,10,HH,14.945670814780925
1,m,h,11,HH,14.07736891094633
1,m,h,12,HH,13.225814177341533
1,m,h,13,HH,12.392174086768698
1,m,h,14,HH,11.577653258572925
1,m,h,15,HH,10.783489212802023
1,m,h,16,HH,10.010946123388864
1,m,h,17,HH,9.261306670598978
1,m,h,18,HH,8.53586196815565
1,m,h,19,HH,7.835899486422967
1,m,h,20,HH,7.162688882351337
1,m,h,21,HH,6.5174656672408835
1,m,h,22,HH,5.901412690001658
1,m,h,23,HH,5.315639485402061
1,m,h,24,HH,4.7611596341927545
1,m,h,25,HH,4.238866405442316
1,m,h,26,HH,3.7495071003901845
1,m,h,27,HH,3.2936566891116548
1,m,h,28,HH,2.8716915209029406
1,m,h,29,HH,2.483764087358879
1,m,h,30,HH,2.1297800099528135
1,m,h,31,HH,1.8093785929204795
1,m,h,32,HH,1.521918403949103
1,m,h,33,HH,1.2664693922003583
1,m,h,34,HH,1.0418129962238525
1,m,h,35,HH,0.8464515053460069
1,m,h,36,HH,0.6786275951200743
1,m,h,37,HH,0.5363544501557866
1,m,h,38,HH,0.41745622405278837
1,m,h,39,HH,0.31961779826866793
1,m,h,40,HH,0.24044194953237044
1,m,h,41,HH,0.17751120670592754
1,m,h,42,HH,0.12845098263943175
1,m,h,43,HH,0.09099012351299193
1,m,h,44,HH,0.06301493576282684
1,m,h,45,HH,0.0426131023635902
1,m,h,46,HH,0.02810470024851611
1,m,h,47,HH,0.018058716690000226
1,m,h,48,HH,0.011294892348184024
1,m,h,49,HH,0.0068721865411170355
1,m,h,50,HH,0.004066432923791907
1,m,h,51,HH,0.0023406212558683753
1,m,h,52,HH,0.0013115684494159718
1,m,h,53,HH,7.165066041805492e-4
1,m,h,54,HH,3.8241354874770544e-4
1,m,h,55,HH,1.9993096663146662e-4
1,m,h,56,HH,1.0268268628486076e-4
1,m,h,57,HH,5.1921790418221306e-5
1,m,h,58,HH,2.5824780523872736e-5
1,m,h,59,HH,1.244076132017855e-5
1,m,h,60,HH,5.221277499676761e-6
1,m,h,61,HH,0
1,m,h,0,HU,16.51037591052279
1,m,h,1,HU,15.557766002142216
1,m,h,2,HU,14.623233241668721
1,m,h,3,HU,13.711144872376595
1,m,h,4,HU,12.82419986848983
1,m,h,5,HU,11.96426365327492
1,m,h,6,HU,11.132756138885258
1,m,h,7,HU,10.33083172867747
1,m,h,8,HU,9.559461398389677
1,m,h,9,HU,8.819468382810372
1,m,h,10,HU,8.11154191809622
1,m,h,11,HU,7.436240807662681
1,m,h,12,HU,6.793992558400409
1,m,h,13,HU,6.185090934266202
1,m,h,14,HU,5.609693355491227
1,m,h,15,HU,5.06781886430746
1,m,h,16,HU,4.559347017365969
1,m,h,17,HU,4.084017876164677
1,m,h,18,HU,3.6414331653637295
1,m,h,19,HU,3.2310586136568578
1,m,h,20,HU,2.852227462554089
1,m,h,21,HU,2.5041451147246794
1,m,h,22,HU,2.1858948899203887
1,m,h,23,HU,1.896444859573912
1,m,h,24,HU,1.6346557384237819
1,m,h,25,HU,1.3992898206404478
1,m,h,26,HU,1.189020956506767
1,m,h,27,HU,1.0024455711226719
1,m,h,28,HU,0.8380947260593908
1,m,h,29,HU,0.6944472155307728
1,m,h,30,HU,0.5699436678020421
1,m,h,31,HU,0.46300158804643776
1,m,h,32,HU,0.37203122943426087
1,m,h,33,HU,0.29545211504613617
1,m,h,34,HU,0.23170995629704702
1,m,h,35,HU,0.1792936283426897
1,m,h,36,HU,0.13675177644088046
1,m,h,37,HU,0.10270854907619566
1,m,h,38,HU,0.0758778955532554
1,m,h,39,HU,0.055075840504739036
1,m,h,40,HU,0.039230167502321764
1,m,h,41,HU,0.027387018014726303
1,m,h,42,HU,0.018714044285329197
1,m,h,43,HU,0.012499941569859521
1,m,h,44,HU,0.008150413623120285
1,m,h,45,HU,0.005180873115142723
1,m,h,46,HU,0.0032064162617141726
1,m,h,47,HU,0.0019298057343284853
1,m,h,48,HU,0.001128318067768261
1,m,h,49,HU,6.403408966378143e-4
1,m,h,50,HU,3.525358717651183e-4
1,m,h,51,HU,1.8822691697369307e-4
1,m,h,52,HU,9.74583200279359e-5
1,m,h,53,HU,4.8930742153203585e-5
1,m,h,54,HU,2.380457188422286e-5
1,m,h,55,HU,1.1190329310968956e-5
1,m,h,56,HU,5.041910952790176e-6
1,m,h,57,HU,2.1309466502293408e-6
1,m,h,58,HU,7.96662811170041e-7
1,m,h,59,HU,2.1561621539932246e-7
1,m,h,60,HU,0
1,m,h,61,HU,0
1,m,h,0,UH,0.2447921097321617
1,m,h,1,UH,0.23506660554782322
1,m,h,2,UH,0.23694618172192897
1,m,h,3,UH,0.2448367214093841
1,m,h,4,UH,0.2559352936237793
1,m,h,5,UH,0.26879898783553147
1,m,h,6,UH,0.2826534597097152
1,m,h,7,UH,0.29705417627731784
1,m,h,8,UH,0.31171822053353526
1,m,h,9,UH,0.32643973609355176
1,m,h,10,UH,0.34104698177170445
1,m,h,11,UH,0.35538041931681846
1,m,h,12,UH,0.36928164657622037
1,m,h,13,UH,0.38258808349786944
1,m,h,14,UH,0.395130847393219
1,m,h,15,UH,0.4067345229282901
1,m,h,16,UH,0.4172181745293038
1,m,h,17,UH,0.4263972747366529
1,m,h,18,UH,0.4340863853408207
1,m,h,19,UH,0.44010250578250176
1,m,h,20,UH,0.44426903399861456
1,m,h,21,UH,0.44642028822097085
1,m,h,22,UH,0.44640652415813226
1,m,h,23,UH,0.44409935573791576
1,m,h,24,UH,0.4393974521826629
1,m,h,25,UH,0.4322323418632833
1,m,h,26,UH,0.4225741064056304
1,m,h,27,UH,0.410436699761609
1,m,h,28,UH,0.39588258021366923
1,m,h,29,UH,0.3790263035336096
1,m,h,30,UH,0.36003669898144053
1,m,h,31,UH,0.339137243816857
1,m,h,32,UH,0.3166042744819533
1,m,h,33,UH,0.29276273146794923
1,m,h,34,UH,0.2679792366841504
1,m,h,35,UH,0.24265245062905025
1,m,h,36,UH,0.21720085081614507
1,m,h,37,UH,0.19204830505296325
1,m,h,38,UH,0.1676080673344762
1,m,h,39,UH,0.14426607524867466
1,m,h,40,UH,0.1223646425257423
1,m,h,41,UH,0.10218777982303161
1,m,h,42,UH,0.08394940197767016
1,m,h,43,UH,0.06778555918716875
1,m,h,44,UH,0.05375154779379829
1,m,h,45,UH,0.041824323514730526
1,m,h,46,UH,0.03191009661364132
1,m,h,47,UH,0.02385640533639346
1,m,h,48,UH,0.01746743327033098
1,m,h,49,UH,0.01252095529629527
1,m,h,50,UH,0.008785144925344783
1,m,h,51,UH,0.00603359211111697
1,m,h,52,UH,0.004057248483969261
1,m,h,53,UH,0.0026725628805525613
1,m,h,54,UH,0.001725679544578092
1,m,h,55,UH,0.0010931184479883505
1,m,h,56,UH,6.797375718208505e-4
1,m,h,57,UH,4.1493060686092174e-4
1,m,h,58,UH,2.4791645452143e-4
1,m,h,59,UH,1.425566997697942e-4
1,m,h,60,UH,7.09063583017611e-5
1,m,h,61,UH,0
1,m,h,0,UU,0.16636360804544295
1,m,h,1,UU,0.1567648186370792
1,m,h,2,UU,0.1549425345793224
1,m,h,3,UU,0.15686324343030497
1,m,h,4,UU,0.1605289189840417
1,m,h,5,UU,0.164922074730932
1,m,h,6,UU,0.1695034024083917
1,m,h,7,UU,0.17396962100780328
1,m,h,8,UU,0.17813553028009335
1,m,h,9,UU,0.1818761362063018
1,m,h,10,UU,0.1850982082346853
1,m,h,11,UU,0.1877264418575466
1,m,h,12,UU,0.18969696119660695
1,m,h,13,UU,0.1909545548853716
1,m,h,14,UU,0.19145182876590788
1,m,h,15,UU,0.19114934390753466
1,m,h,16,UU,0.19001624983145113
1,m,h,17,UU,0.18803114444970268
1,m,h,18,UU,0.18518300390868042
1,m,h,19,UU,0.18147208175198926
1,m,h,20,UU,0.17691070495264175
1,m,h,21,UU,0.17152390836234077
1,m,h,22,UU,0.1653498562535049
1,m,h,23,UU,0.15844000381179987
1,m,h,24,UU,0.15085895492789111
1,m,h,25,UU,0.14268397686332912
1,m,h,26,UU,0.13400413834157796
1,m,h,27,UU,0.12491904613568028
1,m,h,28,UU,0.11553716692785189
1,m,h,29,UU,0.10597373657243196
1,m,h,30,UU,0.09634827813289895
1,m,h,31,UU,0.08678177307240734
1,m,h,32,UU,0.07739355616833868
1,m,h,33,UU,0.06829803290280033
1,m,h,34,UU,0.059601346350702085
1,m,h,35,UU,0.05139814629042887
1,m,h,36,UU,0.04376863305760946
1,m,h,37,UU,0.036776058740266356
1,m,h,38,UU,0.030464864803357666
1,m,h,39,UU,0.024859614807688852
1,m,h,40,UU,0.019964841542762176
1,m,h,41,UU,0.015765869765814615
1,m,h,42,UU,0.012230601853369922
1,m,h,43,UU,0.009312170336804529
1,m,h,44,UU,0.006952277933778563
1,m,h,45,UU,0.005084973898582937
1,m,h,46,UU,0.003640567299779405
1,m,h,47,UU,0.002549363202764559
1,m,h,48,UU,0.0017449321293991477
1,m,h,49,UU,0.0011666854054704508
1,m,h,50,UU,7.616205118542406e-4
1,m,h,51,UU,4.85206411975013e-4
1,m,h,52,UU,3.014807358011755e-4
1,m,h,53,UU,1.825112070615167e-4
1,m,h,54,UU,1.0742052132453017e-4
1,m,h,55,UU,6.118289535123827e-5
1,m,h,56,UU,3.337637952788773e-5
1,m,h,57,UU,1.7029362424636484e-5
1,m,h,58,UU,7.647918611032349e-6
1,m,h,59,UU,2.4707118232647953e-6
1,m,h,60,UU,0
1,m,h,61,UU,0
1,m,u,0,HH,1.6454360817202087
1,m,u,1,HH,1.6354156620964717
1,m,u,2,HH,1.623728561133494
1,m,u,3,HH,1.6105490749325557
1,m,u,4,HH,1.5959152050229843
1,m,u,5,HH,1.5797954436937927
1,m,u,6,HH,1.5621219883790314
1,m,u,7,HH,1.5428077919090681
1,m,u,8,HH,1.521755788297531
1,m,u,9,HH,1.498864353516821
1,m,u,10,HH,1.4740310106761743
1,m,u,11,HH,1.4471553925936602
1,m,u,12,HH,1.4181419824776045
1,m,u,13,HH,1.3869029049285444
1,m,u,14,HH,1.353360909523041
1,m,u,15,HH,1.317452616681207
1,m,u,16,HH,1.2791320499520888
1,m,u,17,HH,1.238374444869801
1,m,u,18,HH,1.1951802941796428
1,m,u,19,HH,1.149579558373318
1,m,u,20,HH,1.1016359370762783
1,m,u,21,HH,1.0514510601969551
1,m,u,22,HH,0.999168418203897
1,m,u,23,HH,0.9449768097426807
1,m,u,24,HH,0.8891130443779129
1,m,u,25,HH,0.8318636020272799
1,m,u,26,HH,0.773564923346477
1,m,u,27,HH,0.7146019928367896
1,m,u,28,HH,0.6554048857229781
1,m,u,29,HH,0.5964429882364172
1,m,u,30,HH,0.5382166762448958
1,m,u,31,HH,0.48124635532962967
1,m,u,32,HH,0.4260589297506287
1,m,u,33,HH,0.37317197692375614
1,m,u,34,HH,0.3230761500424723
1,m,u,35,HH,0.27621659782257585
1,m,u,36,HH,0.2329744509787472
1,m,u,37,HH,0.19364964464934709
1,m,u,38,HH,0.1584464823937176
1,m,u,39,HH,0.12746335658506516
1,m,u,40,HH,0.10068788399774796
1,m,u,41,HH,0.07799837214224388
1,m,u,42,HH,0.059172006061716735
1,m,u,43,HH,0.04389947664591345
1,m,u,44,HH,0.03180503797165278
1,m,u,45,HH,0.022470292988568154
1,m,u,46,HH,0.015459489981012264
1,m,u,47,HH,0.010343881923727028
1,m,u,48,HH,0.0067228305372222085
1,m,u,49,HH,0.004239830909111426
1,m,u,50,HH,0.002592413472595608
1,m,u,51,HH,0.0015357983553858554
1,m,u,52,HH,8.810450529172802e-4
1,m,u,53,HH,4.890828190439424e-4
1,m,u,54,HH,2.623115762628708e-4
1,m,u,55,HH,1.3541096599420336e-4
1,m,u,56,HH,6.666103384672855e-5
1,m,u,57,HH,3.059726699831288e-5
1,m,u,58,HH,1.2341562123035259e-5
1,m,u,59,HH,3.583174628082162e-6
1,m,u,60,HH,0
1,m,u,61,HH,0
1,m,u,0,HU,3.41823108476705
1,m,u,1,HU,3.4114945482400043
1,m,u,2,HU,3.4003581231043167
1,m,u,3,HU,3.3851218313398674
1,m,u,4,HU,3.365813673645613
1,m,u,5,HU,3.3423261955942754
1,m,u,6,HU,3.314485167795915
1,m,u,7,HU,3.282085395661598
1,m,u,8,HU,3.244910498637606
1,m,u,9,HU,3.2027448802442122
1,m,u,10,HU,3.1553819643682814
1,m,u,11,HU,3.102630749935139
1,m,u,12,HU,3.0443217330397516
1,m,u,13,HU,2.9803127382907153
1,m,u,14,HU,2.910494936199506
1,m,u,15,HU,2.8347991767049474
1,m,u,16,HU,2.7532026783950503
1,m,u,17,HU,2.6657360471799314
1,m,u,18,HU,2.572490540778372
1,m,u,19,HU,2.4736254379319202
1,m,u,20,HU,2.369375309586217
1,m,u,21,HU,2.260056921910499
1,m,u,22,HU,2.146075428550284
1,m,u,23,HU,2.0279294344251224
1,m,u,24,HU,1.906214440203556
1,m,u,25,HU,1.7816241120130993
1,m,u,26,HU,1.654948774003819
1,m,u,27,HU,1.5270705033984224
1,m,u,28,HU,1.3989542318846668
1,m,u,29,HU,1.2716343380045578
1,m,u,30,HU,1.1461963666069503
1,m,u,31,HU,1.023753744983034
1,m,u,32,HU,0.905419687070744
1,m,u,33,HU,0.792274884127612
1,m,u,34,HU,0.6853320566611073
1,m,u,35,HU,0.5854989559137551
1,m,u,36,HU,0.49354190308060036
1,m,u,37,HU,0.4100523720076644
1,m,u,38,HU,0.33541937435006813
1,m,u,39,HU,0.2698104093982179
1,m,u,40,HU,0.21316341989915075
1,m,u,41,HU,0.16519150716937953
1,m,u,42,HU,0.12540111245582133
1,m,u,43,HU,0.0931230444867221
1,m,u,44,HU,0.06755427821863014
1,m,u,45,HU,0.047807083918937475
1,m,u,46,HU,0.03296101809393576
1,m,u,47,HU,0.022112848145133084
1,m,u,48,HU,0.014419739728207759
1,m,u,49,HU,0.009132022571580373
1,m,u,50,HU,0.005613417147788513
1,m,u,51,HU,0.003348455813742294
1,m,u,52,HU,0.001938593026041022
1,m,u,53,HU,0.0010898152994534341
1,m,u,54,HU,5.951997098841121e-4
1,m,u,55,HU,3.157840012283772e-4
1,m,u,56,HU,1.62444815664057e-4
1,m,u,57,HU,8.050241803372757e-5
1,m,u,58,HU,3.777520677955896e-5
1,m,u,59,HU,1.6020375348734996e-5
1,m,u,60,HU,5.221277499676761e-6
1,m,u,61,HU,0
1,m,u,0,UH,0.01657991827967183
1,m,u,1,UH,0.016478949460320375
1,m,u,2,UH,0.017204445458339032
1,m,u,3,UH,0.018425591294464076
1,m,u,4,UH,0.019977117112937183
1,m,u,5,UH,0.021776780399948504
1,m,u,6,UH,0.023784316184053356
1,m,u,7,UH,0.025980646466367965
1,m,u,8,UH,0.02835711793876235
1,m,u,9,UH,0.030909760711464545
1,m,u,10,UH,0.03363608321493552
1,m,u,11,UH,0.03653315427690653
1,m,u,12,UH,0.03959633783947967
1,m,u,13,UH,0.04281835622054263
1,m,u,14,UH,0.04618851774756047
1,m,u,15,UH,0.04969202926361717
1,m,u,16,UH,0.05330936080218146
1,m,u,17,UH,0.05701565742038509
1,m,u,18,UH,0.060780211262380555
1,m,u,19,UH,0.06456602016310366
1,m,u,20,UH,0.06832946978738118
1,m,u,21,UH,0.07202018534638206
1,m,u,22,UH,0.07558110643145945
1,m,u,23,UH,0.07894884398132829
1,m,u,24,UH,0.08205438095298477
1,m,u,25,UH,0.08482417666040089
1,m,u,26,UH,0.0871817274851568
1,m,u,27,UH,0.0890496221274682
1,m,u,28,UH,0.09035210619108384
1,m,u,29,UH,0.09101813745128239
1,m,u,30,UH,0.09098486911625593
1,m,u,31,UH,0.0902014443975304
1,m,u,32,UH,0.08863292407151051
1,m,u,33,UH,0.08626410392886119
1,m,u,34,UH,0.08310291807939107
1,m,u,35,UH,0.07918307657645304
1,m,u,36,UH,0.07456556340308378
1,m,u,37,UH,0.0693386360795808
1,m,u,38,UH,0.06361603243601162
1,m,u,39,UH,0.057533210891754935
1,m,u,40,UH,0.05124162799386687
1,m,u,41,UH,0.044901280470876014
1,m,u,42,UH,0.03867198538016703
1,m,u,43,UH,0.0327041052103024
1,m,u,44,UH,0.027129600275262945
1,m,u,45,UH,0.022054362421348846
1,m,u,46,UH,0.01755271589910544
1,m,u,47,UH,0.013664749503538626
1,m,u,48,UH,0.010396787342161134
1,m,u,49,UH,0.007724867909101628
1,m,u,50,UH,0.005600664880002878
1,m,u,51,UH,0.0039589407376737955
1,m,u,52,UH,0.0027254534117902834
1,m,u,53,UH,0.0018242743054514461
1,m,u,54,UH,0.0011837073318799046
1,m,u,55,UH,7.403566715156889e-4
1,m,u,56,UH,4.412818842344941e-4
1,m,u,57,UH,2.4451665594798523e-4
1,m,u,58,UH,1.184783089238831e-4
1,m,u,59,UH,4.1059026576592314e-5
1,m,u,60,UH,0
1,m,u,61,UH,0
1,m,u,0,UU,0.034443144085683525
1,m,u,1,UU,0.034375264678912734
1,m,u,2,UU,0.036028975081235044
1,m,u,3,UU,0.038727706169927247
1,m,u,4,UU,0.04213209682263499
1,m,u,5,UU,0.04607248607849486
1,m,u,6,UU,0.05046517737069667
1,m,u,7,UU,0.0552698144151836
1,m,u,8,UU,0.060467198756995216
1,m,u,9,UU,0.06604738956926952
1,m,u,10,UU,0.07200302406101457
1,m,u,11,UU,0.0783253052379575
1,m,u,12,UU,0.08500135622733099
1,m,u,13,UU,0.09201227571394226
1,m,u,14,UU,0.09933155750908518
1,m,u,15,UU,0.10692371160957406
1,m,u,16,UU,0.11474302043295029
1,m,u,17,UU,0.12273242060898804
1,m,u,18,UU,0.13082253723594586
1,m,u,19,UU,0.13893092369133195
1,m,u,20,UU,0.14696158066612558
1,m,u,21,UU,0.15480484500997915
1,m,u,22,UU,0.16233775249499408
1,m,u,23,UU,0.16942498786522456
1,m,u,24,UU,0.17592053883764697
1,m,u,25,UU,0.18167016569968047
1,m,u,26,UU,0.1865147819693373
1,m,u,27,UU,0.1902948111714688
1,m,u,28,UU,0.1928555371940495
1,m,u,29,UU,0.1940533986433449
1,m,u,30,UU,0.19376309022021032
1,m,u,31,UU,0.1918852277678022
1,m,u,32,UU,0.1883542129347276
1,m,u,33,UU,0.1831458072173906
1,m,u,34,UU,0.17628380725225748
1,m,u,35,UU,0.1678451223678164
1,m,u,36,UU,0.15796251439430276
1,m,u,37,UU,0.1468242931593946
1,m,u,38,UU,0.13467039138993667
1,m,u,39,UU,0.12178448458117289
1,m,u,40,UU,0.10848217512066324
1,m,u,41,UU,0.09509570509102747
1,m,u,42,UU,0.08195615309188838
1,m,u,43,UU,0.06937453648848757
1,m,u,44,UU,0.05762359304801982
1,m,u,45,UU,0.046922163213113974
1,m,u,46,UU,0.03742396334282208
1,m,u,47,UU,0.029212101698484778
1,m,u,48,UU,0.022299977167866136
1,m,u,49,UU,0.016638321107757884
1,m,u,50,UU,0.012127258482786483
1,m,u,51,UU,0.008631561612783792
1,m,u,52,UU,0.0059969066955222056
1,m,u,53,UU,0.004065000795503608
1,m,u,54,UU,0.0026858984668544383
1,m,u,55,UU,0.001726542531846023
1,m,u,56,UU,0.0010753501739139031
1,m,u,57,UU,6.433313816694552e-4
1,m,u,58,UU,3.6263988090605204e-4
1,m,u,59,UU,1.835749260043074e-4
1,m,u,60,UU,7.09063583017611e-5
1,m,u,61,UU,0
1,m,t,0,HH,25.939269325009512
1,m,t,1,HH,24.964063478781355
1,m,t,2,HH,23.986337320891028
1,m,t,3,HH,23.01130354048267
1,m,t,4,HH,22.041859646711142
1,m,t,5,HH,21.079804556752578
1,m,t,6,HH,20.126422138407776
1,m,t,7,HH,19.18276522611085
1,m,t,8,HH,18.24979590292058
1,m,t,9,HH,17.328455807474082
1,m,t,10,HH,16.4197018254571
1,m,t,11,HH,15.524524303539991
1,m,t,12,HH,14.643956159819139
1,m,t,13,HH,13.779076991697242
1,m,t,14,HH,12.931014168095965
1,m,t,15,HH,12.10094182948323
1,m,t,16,HH,11.290078173340953
1,m,t,17,HH,10.499681115468778
1,m,t,18,HH,9.731042262335293
1,m,t,19,HH,8.985479044796286
1,m,t,20,HH,8.264324819427616
1,m,t,21,HH,7.568916727437839
1,m,t,22,HH,6.900581108205555
1,m,t,23,HH,6.260616295144741
1,m,t,24,HH,5.650272678570667
1,m,t,25,HH,5.070730007469596
1,m,t,26,HH,4.5230720237366615
1,m,t,27,HH,4.008258681948444
1,m,t,28,HH,3.5270964066259185
1,m,t,29,HH,3.080207075595296
1,m,t,30,HH,2.667996686197709
1,m,t,31,HH,2.2906249482501093
1,m,t,32,HH,1.9479773336997317
1,m,t,33,HH,1.6396413691241145
1,m,t,34,HH,1.3648891462663248
1,m,t,35,HH,1.1226681031685828
1,m,t,36,HH,0.9116020460988216
1,m,t,37,HH,0.7300040948051337
1,m,t,38,HH,0.575902706446506
1,m,t,39,HH,0.4470811548537331
1,m,t,40,HH,0.3411298335301184
1,m,t,41,HH,0.25550957884817144
1,m,t,42,HH,0.1876229887011485
1,m,t,43,HH,0.1348896001589054
1,m,t,44,HH,0.09481997373447962
1,m,t,45,HH,0.06508339535215836
1,m,t,46,HH,0.04356419022952837
1,m,t,47,HH,0.028402598613727254
1,m,t,48,HH,0.01801772288540623
1,m,t,49,HH,0.011112017450228462
1,m,t,50,HH,0.006658846396387514
1,m,t,51,HH,0.0038764196112542307
1,m,t,52,HH,0.0021926135023332518
1,m,t,53,HH,0.0012055894232244917
1,m,t,54,HH,6.447251250105763e-4
1,m,t,55,HH,3.3534193262566996e-4
1,m,t,56,HH,1.693437201315893e-4
1,m,t,57,HH,8.251905741653419e-5
1,m,t,58,HH,3.8166342646908e-5
1,m,t,59,HH,1.6023935948260713e-5
1,m,t,60,HH,5.221277499676761e-6
1,m,t,61,HH,0
1,m,t,0,HU,19.92860699528984
1,m,t,1,HU,18.96926055038222
1,m,t,2,HU,18.023591364773036
1,m,t,3,HU,17.096266703716463
1,m,t,4,HU,16.190013542135443
1,m,t,5,HU,15.306589848869194
1,m,t,6,HU,14.447241306681171
1,m,t,7,HU,13.612917124339068
1,m,t,8,HU,12.804371897027284
1,m,t,9,HU,12.022213263054585
1,m,t,10,HU,11.266923882464502
1,m,t,11,HU,10.53887155759782
1,m,t,12,HU,9.838314291440161
1,m,t,13,HU,9.165403672556918
1,m,t,14,HU,8.520188291690733
1,m,t,15,HU,7.902618041012408
1,m,t,16,HU,7.312549695761018
1,m,t,17,HU,6.749753923344608
1,m,t,18,HU,6.2139237061421015
1,m,t,19,HU,5.704684051588778
1,m,t,20,HU,5.221602772140306
1,m,t,21,HU,4.7642020366351785
1,m,t,22,HU,4.331970318470672
1,m,t,23,HU,3.9243742939990343
1,m,t,24,HU,3.5408701786273378
1,m,t,25,HU,3.180913932653547
1,m,t,26,HU,2.843969730510586
1,m,t,27,HU,2.5295160745210943
1,m,t,28,HU,2.2370489579440576
1,m,t,29,HU,1.9660815535353307
1,m,t,30,HU,1.7161400344089923
1,m,t,31,HU,1.4867553330294718
1,m,t,32,HU,1.277450916505005
1,m,t,33,HU,1.0877269991737482
1,m,t,34,HU,0.9170420129581544
1,m,t,35,HU,0.7647925842564448
1,m,t,36,HU,0.6302936795214809
1,m,t,37,HU,0.5127609210838601
1,m,t,38,HU,0.41129726990332355
1,m,t,39,HU,0.32488624990295695
1,m,t,40,HU,0.2523935874014725
1,m,t,41,HU,0.19257852518410584
1,m,t,42,HU,0.14411515674115052
1,m,t,43,HU,0.10562298605658162
1,m,t,44,HU,0.07570469184175042
1,m,t,45,HU,0.0529879570340802
1,m,t,46,HU,0.036167434355649924
1,m,t,47,HU,0.02404265387946157
1,m,t,48,HU,0.01554805779597602
1,m,t,49,HU,0.009772363468218187
1,m,t,50,HU,0.005965953019553631
1,m,t,51,HU,0.003536682730715987
1,m,t,52,HU,0.002036051346068958
1,m,t,53,HU,0.0011387460416066376
1,m,t,54,HU,6.19004281768335e-4
1,m,t,55,HU,3.2697433053934617e-4
1,m,t,56,HU,1.6748672661684718e-4
1,m,t,57,HU,8.263336468395691e-5
1,m,t,58,HU,3.8571869590729e-5
1,m,t,59,HU,1.6235991564134318e-5
1,m,t,60,HU,5.221277499676761e-6
1,m,t,61,HU,0
1,m,t,0,UH,0.2613720280118335
1,m,t,1,UH,0.2515455550081436
1,m,t,2,UH,0.254150627180268
1,m,t,3,UH,0.26326231270384814
1,m,t,4,UH,0.27591241073671646
1,m,t,5,UH,0.29057576823548
1,m,t,6,UH,0.3064377758937686
1,m,t,7,UH,0.3230348227436858
1,m,t,8,UH,0.3400753384722976
1,m,t,9,UH,0.3573494968050163
1,m,t,10,UH,0.37468306498663995
1,m,t,11,UH,0.391913573593725
1,m,t,12,UH,0.4088779844157
1,m,t,13,UH,0.425406439718412
1,m,t,14,UH,0.4413193651407795
1,m,t,15,UH,0.45642655219190725
1,m,t,16,UH,0.4705275353314853
1,m,t,17,UH,0.48341293215703796
1,m,t,18,UH,0.4948665966032013
1,m,t,19,UH,0.5046685259456054
1,m,t,20,UH,0.5125985037859957
1,m,t,21,UH,0.5184404735673529
1,m,t,22,UH,0.5219876305895916
1,m,t,23,UH,0.523048199719244
1,m,t,24,UH,0.5214518331356477
1,m,t,25,UH,0.5170565185236842
1,m,t,26,UH,0.5097558338907873
1,m,t,27,UH,0.4994863218890772
1,m,t,28,UH,0.4862346864047531
1,m,t,29,UH,0.470044440984892
1,m,t,30,UH,0.45102156809769645
1,m,t,31,UH,0.4293386882143874
1,m,t,32,UH,0.4052371985534638
1,m,t,33,UH,0.3790268353968104
1,m,t,34,UH,0.3510821547635415
1,m,t,35,UH,0.3218355272055033
1,m,t,36,UH,0.29176641421922883
1,m,t,37,UH,0.26138694113254407
1,m,t,38,UH,0.23122409977048783
1,m,t,39,UH,0.20179928614042958
1,m,t,40,UH,0.17360627051960917
1,m,t,41,UH,0.14708906029390761
1,m,t,42,UH,0.12262138735783719
1,m,t,43,UH,0.10048966439747115
1,m,t,44,UH,0.08088114806906123
1,m,t,45,UH,0.06387868593607937
1,m,t,46,UH,0.04946281251274676
1,m,t,47,UH,0.03752115483993208
1,m,t,48,UH,0.027864220612492118
1,m,t,49,UH,0.020245823205396897
1,m,t,50,UH,0.014385809805347661
1,m,t,51,UH,0.009992532848790765
1,m,t,52,UH,0.006782701895759544
1,m,t,53,UH,0.004496837186004007
1,m,t,54,UH,0.002909386876457997
1,m,t,55,UH,0.0018334751195040395
1,m,t,56,UH,0.0011210194560553445
1,m,t,57,UH,6.59447262808907e-4
1,m,t,58,UH,3.663947634453131e-4
1,m,t,59,UH,1.8361572634638653e-4
1,m,t,60,UH,7.09063583017611e-5
1,m,t,61,UH,0
1,m,t,0,UU,0.20080675213112648
1,m,t,1,UU,0.19114008331599192
1,m,t,2,UU,0.19097150966055743
1,m,t,3,UU,0.1955909496002322
1,m,t,4,UU,0.2026610158066767
1,m,t,5,UU,0.21099456080942686
1,m,t,6,UU,0.21996857977908837
1,m,t,7,UU,0.22923943542298686
1,m,t,8,UU,0.23860272903708857
1,m,t,9,UU,0.2479235257755713
1,m,t,10,UU,0.25710123229569987
1,m,t,11,UU,0.2660517470955041
1,m,t,12,UU,0.27469831742393797
1,m,t,13,UU,0.2829668305993139
1,m,t,14,UU,0.29078338627499306
1,m,t,15,UU,0.2980730555171087
1,m,t,16,UU,0.3047592702644014
1,m,t,17,UU,0.3107635650586907
1,m,t,18,UU,0.31600554114462626
1,m,t,19,UU,0.32040300544332123
1,m,t,20,UU,0.32387228561876735
1,m,t,21,UU,0.3263287533723199
1,m,t,22,UU,0.32768760874849895
1,m,t,23,UU,0.32786499167702443
1,m,t,24,UU,0.32677949376553805
1,m,t,25,UU,0.3243541425630096
1,m,t,26,UU,0.3205189203109153
1,m,t,27,UU,0.31521385730714907
1,m,t,28,UU,0.3083927041219014
1,m,t,29,UU,0.30002713521577684
1,m,t,30,UU,0.2901113683531093
1,m,t,31,UU,0.2786670008402095
1,m,t,32,UU,0.2657477691030663
1,m,t,33,UU,0.25144384012019094
1,m,t,34,UU,0.23588515360295959
1,m,t,35,UU,0.21924326865824526
1,m,t,36,UU,0.2017311474519122
1,m,t,37,UU,0.18360035189966095
1,m,t,38,UU,0.16513525619329433
1,m,t,39,UU,0.14664409938886175
1,m,t,40,UU,0.12844701666342542
1,m,t,41,UU,0.11086157485684209
1,m,t,42,UU,0.0941867549452583
1,m,t,43,UU,0.0786867068252921
1,m,t,44,UU,0.06457587098179839
1,m,t,45,UU,0.05200713711169691
1,m,t,46,UU,0.04106453064260148
1,m,t,47,UU,0.031761464901249335
1,m,t,48,UU,0.02404490929726528
1,m,t,49,UU,0.017805006513228337
1,m,t,50,UU,0.012888878994640723
1,m,t,51,UU,0.009116768024758805
1,m,t,52,UU,0.0062983874313233806
1,m,t,53,UU,0.004247512002565125
1,m,t,54,UU,0.0027933189881789683
1,m,t,55,UU,0.001787725427197261
1,m,t,56,UU,0.0011087265534417909
1,m,t,57,UU,6.603607440940917e-4
1,m,t,58,UU,3.702877995170844e-4
1,m,t,59,UU,1.8604563782757217e-4
1,m,t,60,UU,7.09063583017611e-5
1,m,t,61,UU,0
2,f,h,0,init,4.931424894943007
2,f,u,0,init,-2.572020348595629
2,f,t,0,init,2.3594045463473776
2,f,h,0,HD,-25.910463256500844
2,f,h,1,HD,-24.93333740141403
2,f,h,2,HD,-23.95919708328354
2,f,h,3,HD,-22.9911388425001
2,f,h,4,HD,-22.031151615607612
2,f,h,5,HD,-21.08060635771678
2,f,h,6,HD,-20.14053245010291
2,f,h,7,HD,-19.21177602523977
2,f,h,8,HD,-18.29509202723832
2,f,h,9,HD,-17.391198572647305
2,f,h,10,HD,-16.50080953460028
2,f,h,11,HD,-15.62465431581794
2,f,h,12,HD,-14.76348990152713
2,f,h,13,HD,-13.91810810094675
2,f,h,14,HD,-13.089339642697105
2,f,h,15,HD,-12.278056072793202
2,f,h,16,HD,-11.485169984983848
2,f,h,17,HD,-10.71163386358884
2,f,h,18,HD,-9.95843766554751
2,f,h,19,HD,-9.226605169003813
2,f,h,20,HD,-8.517189045952893
2,f,h,21,HD,-7.831264562152966
2,f,h,22,HD,-7.169921760947336
2,f,h,23,HD,-6.534255945442816
2,f,h,24,HD,-5.925356235560967
2,f,h,25,HD,-5.344291945645724
2,f,h,26,HD,-4.792096510261022
2,f,h,27,HD,-4.269748689149197
2,f,h,28,HD,-3.7781508185670623
2,f,h,29,HD,-3.3181039595447306
2,f,h,30,HD,-2.8902799400701764
2,f,h,31,HD,-2.4951905141302526
2,f,h,32,HD,-2.1331541798558606
2,f,h,33,HD,-1.8042616190828438
2,f,h,34,HD,-1.5083412365233084
2,f,h,35,HD,-1.2449268641135571
2,f,h,36,HD,-1.0132303035164885
2,f,h,37,HD,-0.8121219220650912
2,f,h,38,HD,-0.6401228732838982
2,f,h,39,HD,-0.49541253060693247
2,f,h,40,HD,-0.3758542381241496
2,f,h,41,HD,-0.2790413545479925
2,f,h,42,HD,-0.20236373112690878
2,f,h,43,HD,-0.14309229400798743
2,f,h,44,HD,-0.09847656297027828
2,f,h,45,HD,-0.06584721150326249
2,f,h,46,HD,-0.04271380390219302
2,f,h,47,HD,-0.02684730714403729
2,f,h,48,HD,-0.016338349827250517
2,f,h,49,HD,-0.009625532038603401
2,f,h,50,HD,-0.005492828227557532
2,f,h,51,HD,-0.0030401705333458475
2,f,h,52,HD,-0.001635312322399052
2,f,h,53,HD,-8.569640230364713e-4
2,f,h,54,HD,-4.3859218501314285e-4
2,f,h,55,HD,-2.196836256126792e-4
2,f,h,56,HD,-1.0782895324489614e-4
2,f,h,57,HD,-5.1879477066233817e-5
2,f,h,58,HD,-2.444337712570477e-5
2,f,h,59,HD,-1.1231827386525744e-5
2,f,h,60,HD,-4.831206129637351e-6
2,f,h,61,HD,0
2,f,h,0,HU,-5.052128512504549
2,f,h,1,HU,-5.15376849427711
2,f,h,2,HU,-5.247286207358435
2,f,h,3,HU,-5.331823621651492
2,f,h,4,HU,-5.406330575518802
2,f,h,5,HU,-5.469645987335274
2,f,h,6,HU,-5.520556254219695
2,f,h,7,HU,-5.557841239689705
2,f,h,8,HU,-5.580313496172716
2,f,h,9,HU,-5.586853662847565
2,f,h,10,HU,-5.576443415393704
2,f,h,11,HU,-5.548196431324913
2,f,h,12,HU,-5.5013873044779675
2,f,h,13,HU,-5.435478045925219
2,f,h,14,HU,-5.350141661327637
2,f,h,15,HU,-5.245282246400983
2,f,h,16,HU,-5.121051061161906
2,f,h,17,HU,-4.9778581082826845
2,f,h,18,HU,-4.816378834842425
2,f,h,19,HU,-4.637555686635976
2,f,h,20,HU,-4.442594358573842
2,f,h,21,HU,-4.232954693854243
2,f,h,22,HU,-4.010336280626493
2,f,h,23,HU,-3.77665887212482
2,f,h,24,HU,-3.5340378117809244
2,f,h,25,HU,-3.2847546789235786
2,f,h,26,HU,-3.031223387417672
2,f,h,27,HU,-2.7759519772510797
2,f,h,28,HU,-2.521500350341331
2,f,h,29,HU,-2.2704342337278716
2,f,h,30,HU,-2.0252757265478425
2,f,h,31,HU,-1.788450924694051
2,f,h,32,HU,-1.5622353413480918
2,f,h,33,HU,-1.3486981706375933
2,f,h,34,HU,-1.1496468829524709
2,f,h,35,HU,-0.9665741832180021
2,f,h,36,HU,-0.8006099697719294
2,f,h,37,HU,-0.6524815278060756
2,f,h,38,HU,-0.5224856627846715
2,f,h,39,HU,-0.41047667170035057
2,f,h,40,HU,-0.31587378453460974
2,f,h,41,HU,-0.23769081323012864
2,f,h,42,HU,-0.17458910829413848
2,f,h,43,HU,-0.1249525569496707
2,f,h,44,HU,-0.08698046635366938
2,f,h,45,HU,-0.05879119497017126
2,f,h,46,HU,-0.03852696183473658
2,f,h,47,HU,-0.02444909710863286
2,f,h,48,HU,-0.015013685710419528
2,f,h,49,HU,-0.008920294395185383
2,f,h,50,HU,-0.0051308656038343975
2,f,h,51,HU,-0.002860913037661642
2,f,h,52,HU,-0.0015495305001055517
2,f,h,53,HU,-8.17236538470253e-4
2,f,h,54,HU,-4.2077008301174196e-4
2,f,h,55,HU,-2.1194738749360413e-4
2,f,h,56,HU,-1.045979490320783e-4
2,f,h,57,HU,-5.0602539284665705e-5
2,f,h,58,HU,-2.3988024807510854e-5
2,f,h,59,HU,-1.110875804313244e-5
2,f,h,60,HU,-4.831206129637351e-6
2,f,h,61,HU,0
2,f,h,0,UD,-0.12940557074571676
2,f,h,1,UD,-0.12271288360011663
2,f,h,2,UD,-0.12243125939473203
2,f,h,3,UD,-0.126076740824403
2,f,h,4,UD,-0.1321937788753823
2,f,h,5,UD,-0.13990740626679657
2,f,h,6,UD,-0.1486720058943941
2,f,h,7,UD,-0.1581286486382289
2,f,h,8,UD,-0.16802318722413256
2,f,h,9,UD,-0.1781588213108606
2,f,h,10,UD,-0.18836851853495398
2,f,h,11,UD,-0.19849907690219806
2,f,h,12,UD,-0.20840216359502955
2,f,h,13,UD,-0.2179296534935986
2,f,h,14,UD,-0.22693171351397312
2,f,h,15,UD,-0.23525671637854154
2,f,h,16,UD,-0.24275242968789254
2,f,h,17,UD,-0.24926813059204242
2,f,h,18,UD,-0.2546574094292519
2,f,h,19,UD,-0.2587814855322662
2,f,h,20,UD,-0.2615128871723052
2,f,h,21,UD,-0.262739358424567
2,f,h,22,UD,-0.262367856461566
2,f,h,23,UD,-0.260328498204025
2,f,h,24,UD,-0.25657830833990003
2,f,h,25,UD,-0.25110461331535444
2,f,h,26,UD,-0.24392791922529936
2,f,h,27,UD,-0.2351041065001092
2,f,h,28,UD,-0.22472577178959213
2,f,h,29,UD,-0.21292254861551138
2,f,h,30,UD,-0.19986024482917095
2,f,h,31,UD,-0.18573864903327128
2,f,h,32,UD,-0.17078788316206436
2,f,h,33,UD,-0.1552632185062146
2,f,h,34,UD,-0.13943833237441172
2,f,h,35,UD,-0.12359706696803044
2,f,h,36,UD,-0.10802386422876457
2,f,h,37,UD,-0.09299319050330317
2,f,h,38,UD,-0.0787584273302587
2,f,h,39,UD,-0.06554087577748018
2,f,h,40,UD,-0.05351967766586789
2,f,h,41,UD,-0.04282356348928286
2,f,h,42,UD,-0.03352535240309453
2,f,h,43,UD,-0.02564001324305048
2,f,h,44,UD,-0.019126819076804406
2,f,h,45,UD,-0.013895691941805337
2,f,h,46,UD,-0.00981728284821526
2,f,h,47,UD,-0.006735756948453283
2,f,h,48,UD,-0.004482784390450727
2,f,h,49,UD,-0.0028910086747855022
2,f,h,50,UD,-0.0018053695533096258
2,f,h,51,UD,-0.0010911024161104406
2,f,h,52,UD,-6.379186634046014e-4
2,f,h,53,UD,-0.00036060563850835823
2,f,h,54,UD,-1.9686642006160992e-4
2,f,h,55,UD,-1.0350814208640179e-4
2,f,h,56,UD,-5.205729587333401e-5
2,f,h,57,UD,-2.4618033407363915e-5
2,f,h,58,UD,-1.0437497809655507e-5
2,f,h,59,UD,-3.333493048738343e-6
2,f,h,60,UD,0
2,f,h,61,UD,0
2,f,h,0,UH,0.03134351719182843
2,f,h,1,UH,0.031974093889982555
2,f,h,2,UH,0.03433277675547601
2,f,h,3,UH,0.03806596894962057
2,f,h,4,UH,0.042988930040448306
2,f,h,5,UH,0.04901966087477606
2,f,h,6,UH,0.05613909085561969
2,f,h,7,UH,0.06436634848351858
2,f,h,8,UH,0.07374269689762354
2,f,h,9,UH,0.08432041515348032
2,f,h,10,UH,0.09615444716786939
2,f,h,11,UH,0.10929553645878952
2,f,h,12,UH,0.12378409815852212
2,f,h,13,UH,0.13964440738746076
2,f,h,14,UH,0.15687889335178049
2,f,h,15,UH,0.17546247159778003
2,f,h,16,UH,0.19533695119987585
2,f,h,17,UH,0.21640563530162193
2,f,h,18,UH,0.23852830107404036
2,f,h,19,UH,0.26151680308468533
2,f,h,20,UH,0.28513159378641323
2,f,h,21,UH,0.30907949598830775
2,f,h,22,UH,0.3330130930754806
2,f,h,23,UH,0.3565321206358074
2,f,h,24,UH,0.37918724429958917
2,f,h,25,UH,0.40048658832944706
2,f,h,26,UH,0.4199053321944732
2,f,h,27,UH,0.43689861150486925
2,f,h,28,UH,0.4509178380351316
2,f,h,29,UH,0.4614303836376684
2,f,h,30,UH,0.4679423478253126
2,f,h,31,UH,0.4700238441148831
2,f,h,32,UH,0.4673358960218916
2,f,h,33,UH,0.45965763820887984
2,f,h,34,UH,0.44691209265627563
2,f,h,35,UH,0.42918837234979357
2,f,h,36,UH,0.4067578163937076
2,f,h,37,UH,0.38008136535111325
2,f,h,38,UH,0.34980554986722573
2,f,h,39,UH,0.3167449048705789
2,f,h,40,UH,0.28184953796912116
2,f,h,41,UH,0.24615802615339302
2,f,h,42,UH,0.210737744902771
2,f,h,43,UH,0.17661696002774754
2,f,h,44,UH,0.14471517582404
2,f,h,45,UH,0.1157798214282548
2,f,h,46,UH,0.09033779529300043
2,f,h,47,UH,0.06866920465751077
2,f,h,48,UH,0.05080768406923552
2,f,h,49,UH,0.03656731701548673
2,f,h,50,UH,0.02559133992346016
2,f,h,51,UH,0.017413771824491255
2,f,h,52,UH,0.011523122254852044
2,f,h,53,UH,0.007418040859753317
2,f,h,54,UH,0.004647908529815214
2,f,h,55,UH,0.0028357814175131086
2,f,h,56,UH,0.0016852613063472299
2,f,h,57,UH,9.755643701587041e-4
2,f,h,58,UH,5.498488673109868e-4
2,f,h,59,UH,3.008951433059582e-4
2,f,h,60,UH,1.537431456333164e-4
2,f,h,61,UH,0
2,f,u,0,HD,-2.8431945689314064
2,f,u,1,HD,-2.83709378741724
2,f,u,2,HD,-2.8291925716399002
2,f,u,3,HD,-2.819604054134194
2,f,u,4,HD,-2.808325808091631
2,f,u,5,HD,-2.795281683359591
2,f,u,6,HD,-2.780345890945557
2,f,u,7,HD,-2.7633571422568304
2,f,u,8,HD,-2.7441272151926044
2,f,u,9,HD,-2.722446439320022
2,f,u,10,HD,-2.6980875510319895
2,f,u,11,HD,-2.670808786548308
2,f,u,12,HD,-2.640356751181755
2,f,u,13,HD,-2.606469415802637
2,f,u,14,HD,-2.568879484167917
2,f,u,15,HD,-2.5273183130467696
2,f,u,16,HD,-2.481520530933332
2,f,u,17,HD,-2.4312294786820465
2,f,u,18,HD,-2.3762035790184752
2,f,u,19,HD,-2.3162237261228373
2,f,u,20,HD,-2.2511017668314524
2,f,u,21,HD,-2.1806901171141138
2,f,u,22,HD,-2.1048925167867165
2,f,u,23,HD,-2.0236758669102892
2,f,u,24,HD,-1.9370830126375844
2,f,u,25,HD,-1.845246223971492
2,f,u,26,HD,-1.7484009831942064
2,f,u,27,HD,-1.646899507570139
2,f,u,28,HD,-1.54122321973892
2,f,u,29,HD,-1.4319931322218102
2,f,u,30,HD,-1.3199768516511874
2,f,u,31,HD,-1.2060906597983805
2,f,u,32,HD,-1.0913949346411358
2,f,u,33,HD,-0.9770810953703383
2,f,u,34,HD,-0.8644483668334086
2,f,u,35,HD,-0.7548690488606056
2,f,u,36,HD,-0.6497417293670573
2,f,u,37,HD,-0.5504330569749097
2,f,u,38,HD,-0.45821029060254664
2,f,u,39,HD,-0.374168772769423
2,f,u,40,HD,-0.2991604963665932
2,f,u,41,HD,-0.23373166210093207
2,f,u,42,HD,-0.17807803520663465
2,f,u,43,HD,-0.1320264440380275
2,f,u,44,HD,-0.09504848531216463
2,f,u,45,HD,-0.06630832667818538
2,f,u,46,HD,-0.04474090272341148
2,f,u,47,HD,-0.02915090355945352
2,f,u,48,HD,-0.01831834827922523
2,f,u,49,HD,-0.01109481555091402
2,f,u,50,HD,-0.006476503330840352
2,f,u,51,HD,-0.0036459022512743146
2,f,u,52,HD,-0.0019813326423883774
2,f,u,53,HD,-0.0010404637246219548
2,f,u,54,HD,-5.280312231687945e-4
2,f,u,55,HD,-2.5839757844184607e-4
2,f,u,56,HD,-1.2104597091841922e-4
2,f,u,57,HD,-5.327361055647236e-5
2,f,u,58,HD,-2.0951993812173523e-5
2,f,u,59,HD,-6.173544769497858e-6
2,f,u,60,HD,0
2,f,u,61,HD,0
2,f,u,0,HU,2.590475703228298
2,f,u,1,HU,2.598063680481506
2,f,u,2,HU,2.6007950487950353
2,f,u,3,HU,2.598547049488062
2,f,u,4,HU,2.5911228270488484
2,f,u,5,HU,2.578294787871088
2,f,u,6,HU,2.5598331268035235
2,f,u,7,HU,2.535525809300244
2,f,u,8,HU,2.5051934397246933
2,f,u,9,HU,2.468700862543431
2,f,u,10,HU,2.4259664582021716
2,f,u,11,HU,2.3769696012240624
2,f,u,12,HU,2.3217564767695142
2,f,u,13,HU,2.2604443106812666
2,f,u,14,HU,2.1932240043532283
2,f,u,15,HU,2.1203611489592396
2,f,u,16,HU,2.042195405037172
2,f,u,17,HU,1.9591382612255388
2,f,u,18,HU,1.8716692220135527
2,f,u,19,HU,1.7803305129247515
2,f,u,20,HU,1.6857204283619562
2,f,u,21,HU,1.588485479268771
2,f,u,22,HU,1.4893115226047207
2,f,u,23,HU,1.3889140710102479
2,f,u,24,HU,1.2880279883513703
2,f,u,25,HU,1.1873967752098957
2,f,u,26,HU,1.0877616386342426
2,f,u,27,HU,0.9898505240243901
2,f,u,28,HU,0.8943672658918088
2,f,u,29,HU,0.8019809909128088
2,f,u,30,HU,0.7133158841313327
2,f,u,31,HU,0.6289414107201028
2,f,u,32,HU,0.5493630750962812
2,f,u,33,HU,0.47501380042002833
2,f,u,34,HU,0.40624602871200205
2,f,u,35,HU,0.3433246788709005
2,f,u,36,HU,0.2864211595712318
2,f,u,37,HU,0.2356087167785973
2,f,u,38,HU,0.19085949730812243
2,f,u,39,HU,0.15204381897938146
2,f,u,40,HU,0.11893223255167625
2,f,u,41,HU,0.09120100624833652
2,f,u,42,HU,0.06844161415117463
2,f,u,43,HU,0.050174614086309376
2,f,u,44,HU,0.035867918195147765
2,f,u,45,HU,0.024958883580100715
2,f,u,46,HU,0.016878935795221876
2,f,u,47,HU,0.011078718650451297
2,f,u,48,HU,0.007051245385813804
2,f,u,49,HU,0.004350435724521418
2,f,u,50,HU,0.0026029181973664943
2,f,u,51,HU,0.0015120445052726522
2,f,u,52,HU,8.544654125272789e-4
2,f,u,53,HU,4.709443459100424e-4
2,f,u,54,HU,2.5391101770470934e-4
2,f,u,55,HU,1.3434621890875858e-4
2,f,u,56,HU,7.000947283543595e-5
2,f,u,57,HU,3.6097577061471446e-5
2,f,u,58,HU,1.854274592590138e-5
2,f,u,59,HU,9.57361889204918e-6
2,f,u,60,HU,4.831206129637351e-6
2,f,u,61,HU,0
2,f,u,0,UD,-0.03371061071954698
2,f,u,1,UD,-0.03371983731485208
2,f,u,2,UD,-0.03552818454917882
2,f,u,3,UD,-0.03868229452251718
2,f,u,4,UD,-0.04293420766464578
2,f,u,5,UD,-0.04815867369009258
2,f,u,6,UD,-0.054304816626683176
2,f,u,7,UD,-0.06136730646382048
2,f,u,8,UD,-0.06936869447200318
2,f,u,9,UD,-0.07834815837880639
2,f,u,10,UD,-0.08835391015644875
2,f,u,11,UD,-0.09943765575814674
2,f,u,12,UD,-0.11165014875110779
2,f,u,13,UD,-0.12503726027377526
2,f,u,14,UD,-0.13963621387932826
2,f,u,15,UD,-0.1554717720209166
2,f,u,16,UD,-0.1725522492303136
2,f,u,17,UD,-0.19086528769905473
2,f,u,18,UD,-0.21037337741767237
2,f,u,19,UD,-0.231009143749142
2,f,u,20,UD,-0.2526704660313778
2,f,u,21,UD,-0.27521553569020224
2,f,u,22,UD,-0.2984580146269298
2,f,u,23,UD,-0.3221625168234191
2,f,u,24,UD,-0.34604070984996593
2,f,u,25,UD,-0.36974841870423675
2,f,u,26,UD,-0.39288421065231316
2,f,u,27,UD,-0.41499004202149214
2,f,u,28,UD,-0.4355546474426926
2,f,u,29,UD,-0.4540204342242062
2,f,u,30,UD,-0.46979468727452267
2,f,u,31,UD,-0.48226586256860227
2,f,u,32,UD,-0.49082561016322496
2,f,u,33,UD,-0.49489687521310005
2,f,u,34,UD,-0.4939679303799571
2,f,u,35,UD,-0.4876314583125305
2,f,u,36,UD,-0.47562681813947433
2,f,u,37,UD,-0.45788243476532325
2,f,u,38,UD,-0.43455396048994954
2,f,u,39,UD,-0.406052691434921
2,f,u,40,UD,-0.3730580005158732
2,f,u,41,UD,-0.33650768065727044
2,f,u,42,UD,-0.29756148872908084
2,f,u,43,UD,-0.25753612239180446
2,f,u,44,UD,-0.21781431102906976
2,f,u,45,UD,-0.1797361205418711
2,f,u,46,UD,-0.14448583778711302
2,f,u,47,UD,-0.1129913365942195
2,f,u,48,UD,-0.08585302268607063
2,f,u,49,UD,-0.06331533184348014
2,f,u,50,UD,-0.04528564584951911
2,f,u,51,UD,-0.0313953296444121
2,f,u,52,UD,-0.021088483043501766
2,f,u,53,UD,-0.013719022945246564
2,f,u,54,UD,-0.008637486736616112
2,f,u,55,UD,-0.005254773722577673
2,f,u,56,UD,-0.003078247228601268
2,f,u,57,UD,-0.001722983620809232
2,f,u,58,UD,-9.052907892159257e-4
2,f,u,59,UD,-4.265323853671302e-4
2,f,u,60,UD,-1.537431456333164e-4
2,f,u,61,UD,0
2,f,u,0,UH,-0.016071368639610967
2,f,u,1,UH,-0.016118444618556962
2,f,u,2,UH,-0.017016894499066886
2,f,u,3,UH,-0.01855204116247607
2,f,u,4,UH,-0.02060354918780053
2,f,u,5,UH,-0.023107004809687373
2,f,u,6,UH,-0.02603120009346962
2,f,u,7,UH,-0.029364375625721643
2,f,u,8,UH,-0.03310561684791323
2,f,u,9,UH,-0.03725923286727346
2,f,u,10,UH,-0.0418308671423603
2,f,u,11,UH,-0.046824616058155744
2,f,u,12,UH,-0.05224073778384767
2,f,u,13,UH,-0.058073715601533966
2,f,u,14,UH,-0.06431055034720594
2,f,u,15,UH,-0.07092922561632832
2,f,u,16,UH,-0.07789733385002558
2,f,u,17,UH,-0.08517088089730483
2,f,u,18,UH,-0.09269330652933777
2,f,u,19,UH,-0.1003947716500477
2,f,u,20,UH,-0.10819177120898754
2,f,u,21,UH,-0.11598713589587104
2,f,u,22,UH,-0.12367048596185877
2,f,u,23,UH,-0.13111919712240022
2,f,u,24,UH,-0.1381999314935388
2,f,u,25,UH,-0.14477077589643098
2,f,u,26,UH,-0.1506840156073854
2,f,u,27,UH,-0.15578955366939606
2,f,u,28,UH,-0.1599389640738039
2,f,u,29,UH,-0.16299014118519894
2,f,u,30,UH,-0.16481247722771217
2,f,u,31,UH,-0.16529246372263268
2,f,u,32,UH,-0.16433957045160522
2,f,u,33,UH,-0.16189220566264506
2,f,u,34,UH,-0.15792350287482862
2,f,u,35,UH,-0.15244661265578585
2,f,u,36,UH,-0.14551910397685477
2,f,u,37,UH,-0.1372460045925597
2,f,u,38,UH,-0.1277809443562951
2,f,u,39,UH,-0.11732482817912734
2,f,u,40,UH,-0.1061214840722345
2,f,u,41,UH,-0.09444984169227512
2,f,u,42,UH,-0.08261243536122896
2,f,u,43,UH,-0.0709204199323327
2,f,u,44,UH,-0.05967583649123673
2,f,u,45,UH,-0.04915251485224648
2,f,u,46,UH,-0.03957763015867138
2,f,u,47,UH,-0.031116355543542685
2,f,u,48,UH,-0.02386205857556024
2,f,u,49,UH,-0.017833913909829798
2,f,u,50,UH,-0.012982636756648921
2,f,u,51,UH,-0.009203494708393791
2,f,u,52,UH,-0.006354253375731372
2,f,u,53,UH,-0.00427475306864006
2,f,u,54,UH,-0.002804750700326875
2,f,u,55,UH,-0.0017975051053936788
2,f,u,56,UH,-0.0011279786720401568
2,f,u,57,UH,-6.959237723649409e-4
2,f,u,58,UH,-4.250332374593812e-4
2,f,u,59,UH,-2.593139050553559e-4
2,f,u,60,UH,-1.537431456333164e-4
2,f,u,61,UH,0
2,f,t,0,HD,-28.753657825432253
2,f,t,1,HD,-27.77043118883127
2,f,t,2,HD,-26.78838965492344
2,f,t,3,HD,-25.810742896634295
2,f,t,4,HD,-24.839477423699243
2,f,t,5,HD,-23.87588804107637
2,f,t,6,HD,-22.920878341048464
2,f,t,7,HD,-21.975133167496605
2,f,t,8,HD,-21.039219242430924
2,f,t,9,HD,-20.113645011967325
2,f,t,10,HD,-19.198897085632268
2,f,t,11,HD,-18.29546310236625
2,f,t,12,HD,-17.403846652708886
2,f,t,13,HD,-16.524577516749385
2,f,t,14,HD,-15.658219126865022
2,f,t,15,HD,-14.805374385839972
2,f,t,16,HD,-13.96669051591718
2,f,t,17,HD,-13.142863342270887
2,f,t,18,HD,-12.334641244565987
2,f,t,19,HD,-11.54282889512665
2,f,t,20,HD,-10.768290812784345
2,f,t,21,HD,-10.01195467926708
2,f,t,22,HD,-9.274814277734052
2,f,t,23,HD,-8.557931812353106
2,f,t,24,HD,-7.862439248198552
2,f,t,25,HD,-7.189538169617216
2,f,t,26,HD,-6.540497493455229
2,f,t,27,HD,-5.916648196719336
2,f,t,28,HD,-5.319374038305982
2,f,t,29,HD,-4.750097091766541
2,f,t,30,HD,-4.210256791721364
2,f,t,31,HD,-3.701281173928633
2,f,t,32,HD,-3.2245491144969964
2,f,t,33,HD,-2.781342714453182
2,f,t,34,HD,-2.372789603356717
2,f,t,35,HD,-1.9997959129741627
2,f,t,36,HD,-1.6629720328835458
2,f,t,37,HD,-1.362554979040001
2,f,t,38,HD,-1.0983331638864449
2,f,t,39,HD,-0.8695813033763555
2,f,t,40,HD,-0.6750147344907428
2,f,t,41,HD,-0.5127730166489246
2,f,t,42,HD,-0.38044176633354343
2,f,t,43,HD,-0.2751187380460149
2,f,t,44,HD,-0.1935250482824429
2,f,t,45,HD,-0.13215553818144787
2,f,t,46,HD,-0.0874547066256045
2,f,t,47,HD,-0.05599821070349081
2,f,t,48,HD,-0.034656698106475745
2,f,t,49,HD,-0.02072034758951742
2,f,t,50,HD,-0.011969331558397883
2,f,t,51,HD,-0.006686072784620162
2,f,t,52,HD,-0.0036166449647874292
2,f,t,53,HD,-0.001897427747658426
2,f,t,54,HD,-9.666234081819374e-4
2,f,t,55,HD,-4.780812040545253e-4
2,f,t,56,HD,-2.2887492416331535e-4
2,f,t,57,HD,-1.0515308762270617e-4
2,f,t,58,HD,-4.5395370937878295e-5
2,f,t,59,HD,-1.7405372156023602e-5
2,f,t,60,HD,-4.831206129637351e-6
2,f,t,61,HD,0
2,f,t,0,HU,-2.461652809276251
2,f,t,1,HU,-2.5557048137956047
2,f,t,2,HU,-2.6464911585634
2,f,t,3,HU,-2.7332765721634305
2,f,t,4,HU,-2.8152077484699536
2,f,t,5,HU,-2.8913511994641854
2,f,t,6,HU,-2.960723127416172
2,f,t,7,HU,-3.0223154303894617
2,f,t,8,HU,-3.075120056448022
2,f,t,9,HU,-3.1181528003041343
2,f,t,10,HU,-3.150476957191532
2,f,t,11,HU,-3.17122683010085
2,f,t,12,HU,-3.1796308277084533
2,f,t,13,HU,-3.1750337352439524
2,f,t,14,HU,-3.156917656974409
2,f,t,15,HU,-3.1249210974417436
2,f,t,16,HU,-3.0788556561247344
2,f,t,17,HU,-3.018719847057146
2,f,t,18,HU,-2.9447096128288726
2,f,t,19,HU,-2.8572251737112246
2,f,t,20,HU,-2.756873930211886
2,f,t,21,HU,-2.644469214585472
2,f,t,22,HU,-2.521024758021772
2,f,t,23,HU,-2.3877448011145725
2,f,t,24,HU,-2.246009823429554
2,f,t,25,HU,-2.0973579037136827
2,f,t,26,HU,-1.9434617487834296
2,f,t,27,HU,-1.78610145322669
2,f,t,28,HU,-1.6271330844495222
2,f,t,29,HU,-1.468453242815063
2,f,t,30,HU,-1.31195984241651
2,f,t,31,HU,-1.1595095139739482
2,f,t,32,HU,-1.0128722662518106
2,f,t,33,HU,-0.8736843702175651
2,f,t,34,HU,-0.7434008542404688
2,f,t,35,HU,-0.6232495043471016
2,f,t,36,HU,-0.5141888102006976
2,f,t,37,HU,-0.41687281102747825
2,f,t,38,HU,-0.331626165476549
2,f,t,39,HU,-0.2584328527209691
2,f,t,40,HU,-0.19694155198293348
2,f,t,41,HU,-0.14648980698179212
2,f,t,42,HU,-0.10614749414296387
2,f,t,43,HU,-0.07477794286336133
2,f,t,44,HU,-0.05111254815852162
2,f,t,45,HU,-0.03383231139007055
2,f,t,46,HU,-0.0216480260395147
2,f,t,47,HU,-0.013370378458181564
2,f,t,48,HU,-0.007962440324605722
2,f,t,49,HU,-0.004569858670663965
2,f,t,50,HU,-0.0025279474064679027
2,f,t,51,HU,-0.00134886853238899
2,f,t,52,HU,-6.950650875782727e-4
2,f,t,53,HU,-3.4629219256021067e-4
2,f,t,54,HU,-1.6685906530703262e-4
2,f,t,55,HU,-7.760116858484556e-5
2,f,t,56,HU,-3.4588476196642334e-5
2,f,t,57,HU,-1.4504962223194263e-5
2,f,t,58,HU,-5.445278881609475e-6
2,f,t,59,HU,-1.5351391510832601e-6
2,f,t,60,HU,0
2,f,t,61,HU,0
2,f,t,0,UD,-0.16311618146526374
2,f,t,1,UD,-0.1564327209149687
2,f,t,2,UD,-0.15795944394391084
2,f,t,3,UD,-0.1647590353469202
2,f,t,4,UD,-0.1751279865400281
2,f,t,5,UD,-0.18806607995688915
2,f,t,6,UD,-0.2029768225210773
2,f,t,7,UD,-0.2194959551020494
2,f,t,8,UD,-0.23739188169613576
2,f,t,9,UD,-0.256506979689667
2,f,t,10,UD,-0.27672242869140273
2,f,t,11,UD,-0.2979367326603448
2,f,t,12,UD,-0.32005231234613735
2,f,t,13,UD,-0.34296691376737387
2,f,t,14,UD,-0.36656792739330135
2,f,t,15,UD,-0.3907284883994582
2,f,t,16,UD,-0.4153046789182061
2,f,t,17,UD,-0.44013341829109714
2,f,t,18,UD,-0.4650307868469243
2,f,t,19,UD,-0.4897906292814082
2,f,t,20,UD,-0.514183353203683
2,f,t,21,UD,-0.5379548941147693
2,f,t,22,UD,-0.5608258710884958
2,f,t,23,UD,-0.582491015027444
2,f,t,24,UD,-0.602619018189866
2,f,t,25,UD,-0.6208530320195912
2,f,t,26,UD,-0.6368121298776125
2,f,t,27,UD,-0.6500941485216014
2,f,t,28,UD,-0.6602804192322848
2,f,t,29,UD,-0.6669429828397175
2,f,t,30,UD,-0.6696549321036936
2,f,t,31,UD,-0.6680045116018736
2,f,t,32,UD,-0.6616134933252893
2,f,t,33,UD,-0.6501600937193147
2,f,t,34,UD,-0.6334062627543688
2,f,t,35,UD,-0.6112285252805609
2,f,t,36,UD,-0.5836506823682389
2,f,t,37,UD,-0.5508756252686264
2,f,t,38,UD,-0.5133123878202083
2,f,t,39,UD,-0.4715935672124012
2,f,t,40,UD,-0.4265776781817411
2,f,t,41,UD,-0.37933124414655334
2,f,t,42,UD,-0.3310868411321754
2,f,t,43,UD,-0.28317613563485494
2,f,t,44,UD,-0.23694113010587417
2,f,t,45,UD,-0.19363181248367642
2,f,t,46,UD,-0.15430312063532828
2,f,t,47,UD,-0.11972709354267279
2,f,t,48,UD,-0.09033580707652136
2,f,t,49,UD,-0.06620634051826564
2,f,t,50,UD,-0.047091015402828736
2,f,t,51,UD,-0.03248643206052254
2,f,t,52,UD,-0.021726401706906366
2,f,t,53,UD,-0.014079628583754921
2,f,t,54,UD,-0.008834353156677723
2,f,t,55,UD,-0.005358281864664075
2,f,t,56,UD,-0.0031303045244746018
2,f,t,57,UD,-0.001747601654216596
2,f,t,58,UD,-9.157282870255812e-4
2,f,t,59,UD,-4.2986587841586856e-4
2,f,t,60,UD,-1.537431456333164e-4
2,f,t,61,UD,0
2,f,t,0,UH,0.015272148552217462
2,f,t,1,UH,0.015855649271425593
2,f,t,2,UH,0.017315882256409124
2,f,t,3,UH,0.019513927787144496
2,f,t,4,UH,0.02238538085264778
2,f,t,5,UH,0.025912656065088684
2,f,t,6,UH,0.030107890762150067
2,f,t,7,UH,0.03500197285779693
2,f,t,8,UH,0.04063708004971032
2,f,t,9,UH,0.04706118228620687
2,f,t,10,UH,0.05432358002550909
2,f,t,11,UH,0.06247092040063377
2,f,t,12,UH,0.07154336037467446
2,f,t,13,UH,0.0815706917859268
2,f,t,14,UH,0.09256834300457455
2,f,t,15,UH,0.10453324598145171
2,f,t,16,UH,0.11743961734985028
2,f,t,17,UH,0.1312347544043171
2,f,t,18,UH,0.14583499454470258
2,f,t,19,UH,0.1611220314346376
2,f,t,20,UH,0.1769398225774257
2,f,t,21,UH,0.19309236009243672
2,f,t,22,UH,0.20934260711362182
2,f,t,23,UH,0.2254129235134072
2,f,t,24,UH,0.2409873128060504
2,f,t,25,UH,0.25571581243301605
2,f,t,26,UH,0.2692213165870878
2,f,t,27,UH,0.2811090578354732
2,f,t,28,UH,0.2909788739613277
2,f,t,29,UH,0.2984402424524695
2,f,t,30,UH,0.30312987059760044
2,f,t,31,UH,0.30473138039225045
2,f,t,32,UH,0.30299632557028633
2,f,t,33,UH,0.2977654325462348
2,f,t,34,UH,0.288988589781447
2,f,t,35,UH,0.2767417596940077
2,f,t,36,UH,0.26123871241685287
2,f,t,37,UH,0.24283536075855355
2,f,t,38,UH,0.22202460551093064
2,f,t,39,UH,0.19942007669145154
2,f,t,40,UH,0.17572805389688664
2,f,t,41,UH,0.1517081844611179
2,f,t,42,UH,0.12812530954154203
2,f,t,43,UH,0.10569654009541486
2,f,t,44,UH,0.08503933933280326
2,f,t,45,UH,0.06662730657600831
2,f,t,46,UH,0.05076016513432905
2,f,t,47,UH,0.037552849113968084
2,f,t,48,UH,0.02694562549367528
2,f,t,49,UH,0.018733403105656934
2,f,t,50,UH,0.012608703166811239
2,f,t,51,UH,0.008210277116097465
2,f,t,52,UH,0.005168868879120672
2,f,t,53,UH,0.0031432877911132568
2,f,t,54,UH,0.0018431578294883393
2,f,t,55,UH,0.00103827631211943
2,f,t,56,UH,5.57282634307073e-4
2,f,t,57,UH,2.796405977937633e-4
2,f,t,58,UH,1.2481562985160562e-4
2,f,t,59,UH,4.1581238250602305e-5
2,f,t,60,UH,0
2,f,t,61,UH,0
2,m,h,0,init,7.814076285559601
2,m,u,0,init,-1.7751868089860086
2,m,t,0,init,6.038889476573592
2,m,h,0,HD,-24.293833243289228
2,m,h,1,HD,-23.328647816684807
2,m,h,2,HD,-22.36260875975745
2,m,h,3,HD,-21.400754465550037
2,m,h,4,HD,-20.445944441688074
2,m,h,5,HD,-19.50000911305871
2,m,h,6,HD,-18.564300150028664
2,m,h,7,HD,-17.63995743420171
2,m,h,8,HD,-16.728040114622967
2,m,h,9,HD,-15.829591453957185
2,m,h,10,HD,-14.945670814780852
2,m,h,11,HD,-14.077368910946255
2,m,h,12,HD,-13.225814177341464
2,m,h,13,HD,-12.392174086768627
2,m,h,14,HD,-11.57765325857286
2,m,h,15,HD,-10.783489212801959
2,m,h,16,HD,-10.010946123388809
2,m,h,17,HD,-9.26130667059892
2,m,h,18,HD,-8.535861968155595
2,m,h,19,HD,-7.835899486422918
2,m,h,20,HD,-7.162688882351292
2,m,h,21,HD,-6.517465667240836
2,m,h,22,HD,-5.901412690001614
2,m,h,23,HD,-5.315639485402022
2,m,h,24,HD,-4.761159634192715
2,m,h,25,HD,-4.238866405442284
2,m,h,26,HD,-3.749507100390153
2,m,h,27,HD,-3.293656689111628
2,m,h,28,HD,-2.871691520902916
2,m,h,29,HD,-2.4837640873588587
2,m,h,30,HD,-2.1297800099527944
2,m,h,31,HD,-1.8093785929204633
2,m,h,32,HD,-1.521918403949089
2,m,h,33,HD,-1.2664693922003456
2,m,h,34,HD,-1.0418129962238425
2,m,h,35,HD,-0.8464515053459984
2,m,h,36,HD,-0.6786275951200672
2,m,h,37,HD,-0.5363544501557811
2,m,h,38,HD,-0.41745622405278365
2,m,h,39,HD,-0.3196177982686644
2,m,h,40,HD,-0.2404419495323677
2,m,h,41,HD,-0.17751120670592546
2,m,h,42,HD,-0.12845098263943025
2,m,h,43,HD,-0.09099012351299084
2,m,h,44,HD,-0.06301493576282605
2,m,h,45,HD,-0.04261310236358967
2,m,h,46,HD,-0.028104700248515746
2,m,h,47,HD,-0.01805871668999999
2,m,h,48,HD,-0.01129489234818388
2,m,h,49,HD,-0.006872186541116944
2,m,h,50,HD,-0.004066432923791851
2,m,h,51,HD,-0.0023406212558683436
2,m,h,52,HD,-0.0013115684494159545
2,m,h,53,HD,-7.165066041805391e-4
2,m,h,54,HD,-3.8241354874770007e-4
2,m,h,55,HD,-1.9993096663146375e-4
2,m,h,56,HD,-1.0268268628485925e-4
2,m,h,57,HD,-5.192179041822051e-5
2,m,h,58,HD,-2.5824780523872364e-5
2,m,h,59,HD,-1.2440761320178359e-5
2,m,h,60,HD,-5.221277499676682e-6
2,m,h,61,HD,0
2,m,h,0,HU,-7.783457332766493
2,m,h,1,HU,-7.770881814542644
2,m,h,2,HU,-7.73937551808878
2,m,h,3,HU,-7.689609593173489
2,m,h,4,HU,-7.6217445731983
2,m,h,5,HU,-7.535745459783843
2,m,h,6,HU,-7.43154401114346
2,m,h,7,HU,-7.309125705524286
2,m,h,8,HU,-7.168578716233339
2,m,h,9,HU,-7.010123071146855
2,m,h,10,HU,-6.834128896684672
2,m,h,11,HU,-6.641128103283612
2,m,h,12,HU,-6.431821618941092
2,m,h,13,HU,-6.207083152502457
2,m,h,14,HU,-5.967959903081664
2,m,h,15,HU,-5.715670348494527
2,m,h,16,HU,-5.451599106022866
2,m,h,17,HU,-5.177288794434269
2,m,h,18,HU,-4.894428802791888
2,m,h,19,HU,-4.604840872766079
2,m,h,20,HU,-4.310461419797222
2,m,h,21,HU,-4.013320552516176
2,m,h,22,HU,-3.715517800081242
2,m,h,23,HU,-3.4191946258281245
2,m,h,24,HU,-3.126503895768947
2,m,h,25,HU,-2.839576584801847
2,m,h,26,HU,-2.560486143883396
2,m,h,27,HU,-2.291211117988965
2,m,h,28,HU,-2.0335967948435325
2,m,h,29,HU,-1.7893168718280918
2,m,h,30,HU,-1.5598363421507575
2,m,h,31,HU,-1.34637700487403
2,m,h,32,HU,-1.1498871745148318
2,m,h,33,HU,-0.9710172771542124
2,m,h,34,HU,-0.8101030399267978
2,m,h,35,HU,-0.6671578770033105
2,m,h,36,HU,-0.5418758186791882
2,m,h,37,HU,-0.4336459010795865
2,m,h,38,HU,-0.3415783284995291
2,m,h,39,HU,-0.26454195776392597
2,m,h,40,HU,-0.2012117820300464
2,m,h,41,HU,-0.1501241886911995
2,m,h,42,HU,-0.10973693835410128
2,m,h,43,HU,-0.07849018194313148
2,m,h,44,HU,-0.05486452213970587
2,m,h,45,HU,-0.03743222924844702
2,m,h,46,HU,-0.024898283986801616
2,m,h,47,HU,-0.01612891095567153
2,m,h,48,HU,-0.010166574280415635
2,m,h,49,HU,-0.006231845644479139
2,m,h,50,HU,-0.0037138970520267382
2,m,h,51,HU,-0.002152394338894653
2,m,h,52,HU,-0.0012141101293880198
2,m,h,53,HU,-6.675758620273362e-4
2,m,h,54,HU,-3.5860897686347754e-4
2,m,h,55,HU,-1.8874063732049497e-4
2,m,h,56,HU,-9.764077533206916e-5
2,m,h,57,HU,-4.979084376799121e-5
2,m,h,58,HU,-2.5028117712702336e-5
2,m,h,59,HU,-1.2225145104779038e-5
2,m,h,60,HU,-5.221277499676682e-6
2,m,h,61,HU,0
2,m,h,0,UD,-0.16636360804544242
2,m,h,1,UD,-0.15676481863707867
2,m,h,2,UD,-0.1549425345793219
2,m,h,3,UD,-0.15686324343030444
2,m,h,4,UD,-0.16052891898404106
2,m,h,5,UD,-0.16492207473093137
2,m,h,6,UD,-0.169503402408391
2,m,h,7,UD,-0.1739696210078025
2,m,h,8,UD,-0.17813553028009252
2,m,h,9,UD,-0.18187613620630097
2,m,h,10,UD,-0.18509820823468445
2,m,h,11,UD,-0.18772644185754575
2,m,h,12,UD,-0.189696961196606
2,m,h,13,UD,-0.19095455488537075
2,m,h,14,UD,-0.19145182876590688
2,m,h,15,UD,-0.19114934390753366
2,m,h,16,UD,-0.19001624983145013
2,m,h,17,UD,-0.18803114444970162
2,m,h,18,UD,-0.18518300390867942
2,m,h,19,UD,-0.18147208175198826
2,m,h,20,UD,-0.17691070495264066
2,m,h,21,UD,-0.1715239083623397
2,m,h,22,UD,-0.16534985625350374
2,m,h,23,UD,-0.15844000381179874
2,m,h,24,UD,-0.15085895492788995
2,m,h,25,UD,-0.14268397686332798
2,m,h,26,UD,-0.13400413834157693
2,m,h,27,UD,-0.12491904613567925
2,m,h,28,UD,-0.11553716692785095
2,m,h,29,UD,-0.10597373657243107
2,m,h,30,UD,-0.09634827813289815
2,m,h,31,UD,-0.08678177307240652
2,m,h,32,UD,-0.07739355616833797
2,m,h,33,UD,-0.06829803290279968
2,m,h,34,UD,-0.05960134635070149
2,m,h,35,UD,-0.05139814629042836
2,m,h,36,UD,-0.043768633057609016
2,m,h,37,UD,-0.03677605874026597
2,m,h,38,UD,-0.030464864803357344
2,m,h,39,UD,-0.02485961480768858
2,m,h,40,UD,-0.019964841542761947
2,m,h,41,UD,-0.01576586976581443
2,m,h,42,UD,-0.012230601853369777
2,m,h,43,UD,-0.009312170336804409
2,m,h,44,UD,-0.006952277933778477
2,m,h,45,UD,-0.005084973898582868
2,m,h,46,UD,-0.0036405672997793562
2,m,h,47,UD,-0.0025493632027645255
2,m,h,48,UD,-0.0017449321293991251
2,m,h,49,UD,-0.0011666854054704341
2,m,h,50,UD,-7.616205118542301e-4
2,m,h,51,UD,-4.8520641197500637e-4
2,m,h,52,UD,-3.014807358011713e-4
2,m,h,53,UD,-1.825112070615141e-4
2,m,h,54,UD,-1.0742052132452867e-4
2,m,h,55,UD,-6.118289535123739e-5
2,m,h,56,UD,-3.337637952788724e-5
2,m,h,57,UD,-1.7029362424636234e-5
2,m,h,58,UD,-7.647918611032234e-6
2,m,h,59,UD,-2.4707118232647564e-6
2,m,h,60,UD,0
2,m,h,61,UD,0
2,m,h,0,UH,0.07842850168671854
2,m,h,1,UH,0.07830178691074384
2,m,h,2,UH,0.08200364714260627
2,m,h,3,UH,0.08797347797907877
2,m,h,4,UH,0.09540637463973725
2,m,h,5,UH,0.10387691310459919
2,m,h,6,UH,0.11315005730132317
2,m,h,7,UH,0.1230845552695142
2,m,h,8,UH,0.1335826902534413
2,m,h,9,UH,0.14456359988724926
2,m,h,10,UH,0.15594877353701844
2,m,h,11,UH,0.167653977459271
2,m,h,12,UH,0.17958468537961256
2,m,h,13,UH,0.19163352861249677
2,m,h,14,UH,0.20367901862731005
2,m,h,15,UH,0.21558517902075425
2,m,h,16,UH,0.2272019246978516
2,m,h,17,UH,0.238366130286949
2,m,h,18,UH,0.24890338143213878
2,m,h,19,UH,0.25863042403051084
2,m,h,20,UH,0.26735832904597134
2,m,h,21,UH,0.2748963798586285
2,m,h,22,UH,0.28105666790462547
2,m,h,23,UH,0.28565935192611397
2,m,h,24,UH,0.28853849725476954
2,m,h,25,UH,0.28954836499995207
2,m,h,26,UH,0.2885699680640502
2,m,h,27,UH,0.2855176536259265
2,m,h,28,UH,0.2803454132858151
2,m,h,29,UH,0.27305256696117547
2,m,h,30,UH,0.2636884208485394
2,m,h,31,UH,0.2523554707444475
2,m,h,32,UH,0.23921071831361254
2,m,h,33,UH,0.2244646985651467
2,m,h,34,UH,0.2083778903334463
2,m,h,35,UH,0.19125430433861954
2,m,h,36,UH,0.17343221775853385
2,m,h,37,UH,0.15527224631269534
2,m,h,38,UH,0.13714320253111711
2,m,h,39,UH,0.11940646044098453
2,m,h,40,UH,0.10239980098297902
2,m,h,41,UH,0.08642191005721604
2,m,h,42,UH,0.07171880012429943
2,m,h,43,UH,0.05847338885036354
2,m,h,44,UH,0.046799269860019144
2,m,h,45,UH,0.0367393496161471
2,m,h,46,UH,0.028269529313861542
2,m,h,47,UH,0.02130704213362862
2,m,h,48,UH,0.015722501140931627
2,m,h,49,UH,0.011354269890824662
2,m,h,50,UH,0.008023524413490437
2,m,h,51,UH,0.005548385699141882
2,m,h,52,UH,0.0037557677481680346
2,m,h,53,UH,0.0024900516734910096
2,m,h,54,UH,0.0016182590232535386
2,m,h,55,UH,0.0010319355526370974
2,m,h,56,UH,6.463611922929536e-4
2,m,h,57,UH,3.9790124443627936e-4
2,m,h,58,UH,2.4026853591039402e-4
2,m,h,59,UH,1.4008598794652718e-4
2,m,h,60,UH,7.090635830176004e-5
2,m,h,61,UH,0
2,m,u,0,HD,-1.6454360817201992
2,m,u,1,HD,-1.635415662096462
2,m,u,2,HD,-1.6237285611334837
2,m,u,3,HD,-1.610549074932546
2,m,u,4,HD,-1.5959152050229741
2,m,u,5,HD,-1.5797954436937829
2,m,u,6,HD,-1.5621219883790212
2,m,u,7,HD,-1.5428077919090586
2,m,u,8,HD,-1.5217557882975203
2,m,u,9,HD,-1.498864353516811
2,m,u,10,HD,-1.4740310106761645
2,m,u,11,HD,-1.44715539259365
2,m,u,12,HD,-1.418141982477595
2,m,u,13,HD,-1.3869029049285344
2,m,u,14,HD,-1.3533609095230317
2,m,u,15,HD,-1.3174526166811973
2,m,u,16,HD,-1.27913204995208
2,m,u,17,HD,-1.2383744448697918
2,m,u,18,HD,-1.1951802941796337
2,m,u,19,HD,-1.1495795583733093
2,m,u,20,HD,-1.1016359370762703
2,m,u,21,HD,-1.0514510601969465
2,m,u,22,HD,-0.9991684182038886
2,m,u,23,HD,-0.944976809742673
2,m,u,24,HD,-0.889113044377905
2,m,u,25,HD,-0.8318636020272729
2,m,u,26,HD,-0.7735649233464699
2,m,u,27,HD,-0.7146019928367832
2,m,u,28,HD,-0.6554048857229718
2,m,u,29,HD,-0.5964429882364117
2,m,u,30,HD,-0.5382166762448906
2,m,u,31,HD,-0.48124635532962495
2,m,u,32,HD,-0.4260589297506244
2,m,u,33,HD,-0.37317197692375215
2,m,u,34,HD,-0.323076150042469
2,m,u,35,HD,-0.27621659782257285
2,m,u,36,HD,-0.23297445097874453
2,m,u,37,HD,-0.19364964464934492
2,m,u,38,HD,-0.1584464823937157
2,m,u,39,HD,-0.12746335658506364
2,m,u,40,HD,-0.10068788399774675
2,m,u,41,HD,-0.07799837214224292
2,m,u,42,HD,-0.059172006061716013
2,m,u,43,HD,-0.043899476645912906
2,m,u,44,HD,-0.03180503797165237
2,m,u,45,HD,-0.022470292988567866
2,m,u,46,HD,-0.01545948998101206
2,m,u,47,HD,-0.010343881923726891
2,m,u,48,HD,-0.006722830537222121
2,m,u,49,HD,-0.004239830909111369
2,m,u,50,HD,-0.002592413472595572
2,m,u,51,HD,-0.001535798355385834
2,m,u,52,HD,-8.810450529172681e-4
2,m,u,53,HD,-4.890828190439353e-4
2,m,u,54,HD,-2.62311576262867e-4
2,m,u,55,HD,-1.3541096599420138e-4
2,m,u,56,HD,-6.666103384672758e-5
2,m,u,57,HD,-3.059726699831242e-5
2,m,u,58,HD,-1.2341562123035081e-5
2,m,u,59,HD,-3.5831746280821073e-6
2,m,u,60,HD,0
2,m,u,61,HD,0
2,m,u,0,HU,1.7727950030468427
2,m,u,1,HU,1.776078886143534
2,m,u,2,HU,1.7766295619708243
2,m,u,3,HU,1.7745727564073133
2,m,u,4,HU,1.7698984686226282
2,m,u,5,HU,1.7625307519004816
2,m,u,6,HU,1.752363179416882
2,m,u,7,HU,1.7392776037525286
2,m,u,8,HU,1.7231547103400737
2,m,u,9,HU,1.7038805267273909
2,m,u,10,HU,1.681350953692106
2,m,u,11,HU,1.6554753573414773
2,m,u,12,HU,1.626179750562145
2,m,u,13,HU,1.593409833362169
2,m,u,14,HU,1.5571340266764626
2,m,u,15,HU,1.5173465600237366
2,m,u,16,HU,1.4740706284429574
2,m,u,17,HU,1.4273616023101252
2,m,u,18,HU,1.3773102465987253
2,m,u,19,HU,1.3240458795585983
2,m,u,20,HU,1.2677393725099324
2,m,u,21,HU,1.2086058617135371
2,m,u,22,HU,1.1469070103463799
2,m,u,23,HU,1.0829526246824355
2,m,u,24,HU,1.0171013958256365
2,m,u,25,HU,0.9497605099858136
2,m,u,26,HU,0.8813838506573362
2,m,u,27,HU,0.8124685105616274
2,m,u,28,HU,0.7435493461616836
2,m,u,29,HU,0.6751913497681359
2,m,u,30,HU,0.6079796903620502
2,m,u,31,HU,0.5425073896534
2,m,u,32,HU,0.4793607573201115
2,m,u,33,HU,0.41910290720385257
2,m,u,34,HU,0.36225590661863216
2,m,u,35,HU,0.3092823580911767
2,m,u,36,HU,0.2605674521018509
2,m,u,37,HU,0.2164027273583153
2,m,u,38,HU,0.17697289195634874
2,m,u,39,HU,0.1423470528131513
2,m,u,40,HU,0.11247553590140151
2,m,u,41,HU,0.0871931350271346
2,m,u,42,HU,0.06622910639410379
2,m,u,43,HU,0.049223567840807995
2,m,u,44,HU,0.03574924024697693
2,m,u,45,HU,0.025336790930369016
2,m,u,46,HU,0.01750152811292326
2,m,u,47,HU,0.0117689662214059
2,m,u,48,HU,0.007696909190985458
2,m,u,49,HU,0.0048921916624688816
2,m,u,50,HU,0.003021003675192864
2,m,u,51,HU,0.0018126574583564143
2,m,u,52,HU,0.0010575479731237277
2,m,u,53,HU,6.007324804094833e-4
2,m,u,54,HU,3.328881336212368e-4
2,m,u,55,HU,1.8037303523417127e-4
2,m,u,56,HU,9.578378181732698e-5
2,m,u,57,HU,4.990515103541392e-5
2,m,u,58,HU,2.5433644656523332e-5
2,m,u,59,HU,1.2437200720652642e-5
2,m,u,60,HU,5.221277499676682e-6
2,m,u,61,HU,0
2,m,u,0,UD,-0.03444314408568344
2,m,u,1,UD,-0.03437526467891266
2,m,u,2,UD,-0.03602897508123497
2,m,u,3,UD,-0.038727706169927156
2,m,u,4,UD,-0.04213209682263487
2,m,u,5,UD,-0.046072486078494734
2,m,u,6,UD,-0.05046517737069652
2,m,u,7,UD,-0.055269814415183444
2,m,u,8,UD,-0.060467198756995015
2,m,u,9,UD,-0.0660473895692693
2,m,u,10,UD,-0.07200302406101435
2,m,u,11,UD,-0.07832530523795725
2,m,u,12,UD,-0.08500135622733068
2,m,u,13,UD,-0.09201227571394197
2,m,u,14,UD,-0.09933155750908479
2,m,u,15,UD,-0.10692371160957363
2,m,u,16,UD,-0.1147430204329498
2,m,u,17,UD,-0.12273242060898748
2,m,u,18,UD,-0.13082253723594528
2,m,u,19,UD,-0.13893092369133125
2,m,u,20,UD,-0.1469615806661248
2,m,u,21,UD,-0.15480484500997826
2,m,u,22,UD,-0.16233775249499302
2,m,u,23,UD,-0.16942498786522348
2,m,u,24,UD,-0.17592053883764572
2,m,u,25,UD,-0.1816701656996792
2,m,u,26,UD,-0.18651478196933596
2,m,u,27,UD,-0.19029481117146738
2,m,u,28,UD,-0.19285553719404802
2,m,u,29,UD,-0.19405339864334337
2,m,u,30,UD,-0.19376309022020882
2,m,u,31,UD,-0.1918852277678005
2,m,u,32,UD,-0.188354212934726
2,m,u,33,UD,-0.18314580721738893
2,m,u,34,UD,-0.17628380725225584
2,m,u,35,UD,-0.16784512236781485
2,m,u,36,UD,-0.15796251439430123
2,m,u,37,UD,-0.14682429315939313
2,m,u,38,UD,-0.13467039138993528
2,m,u,39,UD,-0.12178448458117161
2,m,u,40,UD,-0.10848217512066202
2,m,u,41,UD,-0.09509570509102637
2,m,u,42,UD,-0.0819561530918874
2,m,u,43,UD,-0.0693745364884867
2,m,u,44,UD,-0.05762359304801912
2,m,u,45,UD,-0.04692216321311335
2,m,u,46,UD,-0.03742396334282158
2,m,u,47,UD,-0.029212101698484393
2,m,u,48,UD,-0.02229997716786585
2,m,u,49,UD,-0.01663832110775765
2,m,u,50,UD,-0.012127258482786318
2,m,u,51,UD,-0.008631561612783674
2,m,u,52,UD,-0.005996906695522123
2,m,u,53,UD,-0.004065000795503551
2,m,u,54,UD,-0.0026858984668544
2,m,u,55,UD,-0.0017265425318459978
2,m,u,56,UD,-0.0010753501739138873
2,m,u,57,UD,-6.433313816694456e-4
2,m,u,58,UD,-3.626398809060466e-4
2,m,u,59,UD,-1.8357492600430447e-4
2,m,u,60,UD,-7.090635830176004e-5
2,m,u,61,UD,0
2,m,u,0,UH,-0.01786322580601171
2,m,u,1,UH,-0.017896315218592376
2,m,u,2,UH,-0.01882452962289604
2,m,u,3,UH,-0.020302114875463188
2,m,u,4,UH,-0.022154979709697806
2,m,u,5,UH,-0.02429570567854635
2,m,u,6,UH,-0.026680861186643305
2,m,u,7,UH,-0.029289167948815628
2,m,u,8,UH,-0.03211008081823285
2,m,u,9,UH,-0.03513762885780496
2,m,u,10,UH,-0.03836694084607904
2,m,u,11,UH,-0.04179215096105095
2,m,u,12,UH,-0.04540501838785127
2,m,u,13,UH,-0.04919391949339961
2,m,u,14,UH,-0.053143039761524624
2,m,u,15,UH,-0.0572316823459568
2,m,u,16,UH,-0.06143365963076869
2,m,u,17,UH,-0.06571676318860277
2,m,u,18,UH,-0.07004232597356515
2,m,u,19,UH,-0.07436490352822807
2,m,u,20,UH,-0.07863211087874408
2,m,u,21,UH,-0.0827846596635967
2,m,u,22,UH,-0.08675664606353416
2,m,u,23,UH,-0.0904761438838958
2,m,u,24,UH,-0.09386615788466166
2,m,u,25,UH,-0.096845989039279
2,m,u,26,UH,-0.09933305448417992
2,m,u,27,UH,-0.10124518904399994
2,m,u,28,UH,-0.10250343100296498
2,m,u,29,UH,-0.1030352611920618
2,m,u,30,UH,-0.10277822110395372
2,m,u,31,UH,-0.10168378337027098
2,m,u,32,UH,-0.09972128886321635
2,m,u,33,UH,-0.09688170328852867
2,m,u,34,UH,-0.09318088917286564
2,m,u,35,UH,-0.08866204579136264
2,m,u,36,UH,-0.08339695099121827
2,m,u,37,UH,-0.07748565707981309
2,m,u,38,UH,-0.07105435895392438
2,m,u,39,UH,-0.06425127368941733
2,m,u,40,UH,-0.05724054712679576
2,m,u,41,UH,-0.050194424620150876
2,m,u,42,UH,-0.04328416771172084
2,m,u,43,UH,-0.03667043127818469
2,m,u,44,UH,-0.030493992772756516
2,m,u,45,UH,-0.024867800791764805
2,m,u,46,UH,-0.019871247443716374
2,m,u,47,UH,-0.015547352194945949
2,m,u,48,UH,-0.011903189825704853
2,m,u,49,UH,-0.008913453198656131
2,m,u,50,UH,-0.0065265936027835165
2,m,u,51,UH,-0.004672620875109933
2,m,u,52,UH,-0.0032714532837318775
2,m,u,53,UH,-0.002240726490052131
2,m,u,54,UH,-0.0015021911349745126
2,m,u,55,UH,-9.861858603303197e-4
2,m,u,56,UH,-6.340682896793996e-4
2,m,u,57,UH,-3.9881472572146393e-4
2,m,u,58,UH,-2.441615719821653e-4
2,m,u,59,UH,-1.4251589942771282e-4
2,m,u,60,UH,-7.090635830176004e-5
2,m,u,61,UH,0
2,m,t,0,HD,-25.939269325009427
2,m,t,1,HD,-24.964063478781267
2,m,t,2,HD,-23.986337320890932
2,m,t,3,HD,-23.011303540482583
2,m,t,4,HD,-22.04185964671105
2,m,t,5,HD,-21.079804556752492
2,m,t,6,HD,-20.126422138407687
2,m,t,7,HD,-19.182765226110767
2,m,t,8,HD,-18.24979590292049
2,m,t,9,HD,-17.328455807473997
2,m,t,10,HD,-16.419701825457018
2,m,t,11,HD,-15.524524303539906
2,m,t,12,HD,-14.64395615981906
2,m,t,13,HD,-13.77907699169716
2,m,t,14,HD,-12.931014168095892
2,m,t,15,HD,-12.100941829483155
2,m,t,16,HD,-11.290078173340888
2,m,t,17,HD,-10.49968111546871
2,m,t,18,HD,-9.73104226233523
2,m,t,19,HD,-8.985479044796227
2,m,t,20,HD,-8.264324819427562
2,m,t,21,HD,-7.568916727437783
2,m,t,22,HD,-6.900581108205502
2,m,t,23,HD,-6.260616295144695
2,m,t,24,HD,-5.65027267857062
2,m,t,25,HD,-5.070730007469557
2,m,t,26,HD,-4.523072023736623
2,m,t,27,HD,-4.008258681948411
2,m,t,28,HD,-3.527096406625888
2,m,t,29,HD,-3.0802070755952706
2,m,t,30,HD,-2.667996686197685
2,m,t,31,HD,-2.2906249482500884
2,m,t,32,HD,-1.9479773336997135
2,m,t,33,HD,-1.6396413691240979
2,m,t,34,HD,-1.3648891462663115
2,m,t,35,HD,-1.1226681031685712
2,m,t,36,HD,-0.9116020460988118
2,m,t,37,HD,-0.730004094805126
2,m,t,38,HD,-0.5759027064464994
2,m,t,39,HD,-0.447081154853728
2,m,t,40,HD,-0.34112983353011445
2,m,t,41,HD,-0.2555095788481684
2,m,t,42,HD,-0.18762298870114627
2,m,t,43,HD,-0.13488960015890375
2,m,t,44,HD,-0.09481997373447842
2,m,t,45,HD,-0.06508339535215754
2,m,t,46,HD,-0.04356419022952781
2,m,t,47,HD,-0.028402598613726883
2,m,t,48,HD,-0.018017722885406002
2,m,t,49,HD,-0.011112017450228313
2,m,t,50,HD,-0.006658846396387423
2,m,t,51,HD,-0.003876419611254178
2,m,t,52,HD,-0.0021926135023332227
2,m,t,53,HD,-0.0012055894232244743
2,m,t,54,HD,-6.447251250105671e-4
2,m,t,55,HD,-3.3534193262566513e-4
2,m,t,56,HD,-1.6934372013158684e-4
2,m,t,57,HD,-8.251905741653294e-5
2,m,t,58,HD,-3.816634264690744e-5
2,m,t,59,HD,-1.6023935948260466e-5
2,m,t,60,HD,-5.221277499676682e-6
2,m,t,61,HD,0
2,m,t,0,HU,-6.01066232971965
2,m,t,1,HU,-5.9948029283991104
2,m,t,2,HU,-5.962745956117955
2,m,t,3,HU,-5.915036836766175
2,m,t,4,HU,-5.851846104575672
2,m,t,5,HU,-5.773214707883362
2,m,t,6,HU,-5.679180831726578
2,m,t,7,HU,-5.569848101771757
2,m,t,8,HU,-5.4454240058932655
2,m,t,9,HU,-5.306242544419464
2,m,t,10,HU,-5.152777942992565
2,m,t,11,HU,-4.985652745942135
2,m,t,12,HU,-4.805641868378947
2,m,t,13,HU,-4.613673319140288
2,m,t,14,HU,-4.410825876405202
2,m,t,15,HU,-4.19832378847079
2,m,t,16,HU,-3.9775284775799085
2,m,t,17,HU,-3.7499271921241437
2,m,t,18,HU,-3.5171185561931626
2,m,t,19,HU,-3.280794993207481
2,m,t,20,HU,-3.04272204728729
2,m,t,21,HU,-2.804714690802639
2,m,t,22,HU,-2.568610789734862
2,m,t,23,HU,-2.336242001145689
2,m,t,24,HU,-2.1094024999433105
2,m,t,25,HU,-1.8898160748160333
2,m,t,26,HU,-1.6791022932260597
2,m,t,27,HU,-1.4787426074273373
2,m,t,28,HU,-1.2900474486818487
2,m,t,29,HU,-1.114125522059956
2,m,t,30,HU,-0.9518566517887073
2,m,t,31,HU,-0.8038696152206299
2,m,t,32,HU,-0.6705264171947202
2,m,t,33,HU,-0.5519143699503598
2,m,t,34,HU,-0.44784713330816567
2,m,t,35,HU,-0.35787551891213387
2,m,t,36,HU,-0.2813083665773373
2,m,t,37,HU,-0.21724317372127117
2,m,t,38,HU,-0.16460543654318038
2,m,t,39,HU,-0.12219490495077467
2,m,t,40,HU,-0.08873624612864489
2,m,t,41,HU,-0.06293105366406489
2,m,t,42,HU,-0.043507831959997495
2,m,t,43,HU,-0.02926661410232348
2,m,t,44,HU,-0.01911528189272894
2,m,t,45,HU,-0.012095438318077998
2,m,t,46,HU,-0.0073967558738783565
2,m,t,47,HU,-0.00435994473426563
2,m,t,48,HU,-0.002469665089430176
2,m,t,49,HU,-0.0013396539820102577
2,m,t,50,HU,-6.928933768338745e-4
2,m,t,51,HU,-3.397368805382388e-4
2,m,t,52,HU,-1.5656215626429207e-4
2,m,t,53,HU,-6.684338161785293e-5
2,m,t,54,HU,-2.5720843242240754e-5
2,m,t,55,HU,-8.367602086323685e-6
2,m,t,56,HU,-1.8569935147421785e-6
2,m,t,57,HU,1.1430726742271418e-7
2,m,t,58,HU,4.055269438209964e-7
2,m,t,59,HU,2.1205561587360192e-7
2,m,t,60,HU,0
2,m,t,61,HU,0
2,m,t,0,UD,-0.20080675213112587
2,m,t,1,UD,-0.19114008331599133
2,m,t,2,UD,-0.19097150966055684
2,m,t,3,UD,-0.1955909496002316
2,m,t,4,UD,-0.20266101580667595
2,m,t,5,UD,-0.2109945608094261
2,m,t,6,UD,-0.21996857977908751
2,m,t,7,UD,-0.22923943542298594
2,m,t,8,UD,-0.2386027290370875
2,m,t,9,UD,-0.24792352577557025
2,m,t,10,UD,-0.25710123229569876
2,m,t,11,UD,-0.266051747095503
2,m,t,12,UD,-0.2746983174239367
2,m,t,13,UD,-0.2829668305993127
2,m,t,14,UD,-0.2907833862749917
2,m,t,15,UD,-0.2980730555171073
2,m,t,16,UD,-0.3047592702643999
2,m,t,17,UD,-0.31076356505868913
2,m,t,18,UD,-0.3160055411446247
2,m,t,19,UD,-0.3204030054433195
2,m,t,20,UD,-0.32387228561876547
2,m,t,21,UD,-0.326328753372318
2,m,t,22,UD,-0.3276876087484968
2,m,t,23,UD,-0.3278649916770222
2,m,t,24,UD,-0.32677949376553567
2,m,t,25,UD,-0.3243541425630072
2,m,t,26,UD,-0.3205189203109129
2,m,t,27,UD,-0.31521385730714663
2,m,t,28,UD,-0.30839270412189895
2,m,t,29,UD,-0.30002713521577445
2,m,t,30,UD,-0.29011136835310697
2,m,t,31,UD,-0.278667000840207
2,m,t,32,UD,-0.26574776910306397
2,m,t,33,UD,-0.2514438401201886
2,m,t,34,UD,-0.23588515360295734
2,m,t,35,UD,-0.2192432686582432
2,m,t,36,UD,-0.20173114745191023
2,m,t,37,UD,-0.1836003518996591
2,m,t,38,UD,-0.16513525619329264
2,m,t,39,UD,-0.1466440993888602
2,m,t,40,UD,-0.12844701666342398
2,m,t,41,UD,-0.1108615748568408
2,m,t,42,UD,-0.09418675494525719
2,m,t,43,UD,-0.0786867068252911
2,m,t,44,UD,-0.0645758709817976
2,m,t,45,UD,-0.052007137111696224
2,m,t,46,UD,-0.04106453064260093
2,m,t,47,UD,-0.03176146490124892
2,m,t,48,UD,-0.024044909297264973
2,m,t,49,UD,-0.017805006513228083
2,m,t,50,UD,-0.012888878994640548
2,m,t,51,UD,-0.00911676802475868
2,m,t,52,UD,-0.006298387431323295
2,m,t,53,UD,-0.004247512002565065
2,m,t,54,UD,-0.002793318988178929
2,m,t,55,UD,-0.0017877254271972353
2,m,t,56,UD,-0.0011087265534417746
2,m,t,57,UD,-6.603607440940818e-4
2,m,t,58,UD,-3.7028779951707886e-4
2,m,t,59,UD,-1.8604563782756924e-4
2,m,t,60,UD,-7.090635830176004e-5
2,m,t,61,UD,0
2,m,t,0,UH,0.06056527588070683
2,m,t,1,UH,0.06040547169215146
2,m,t,2,UH,0.06317911751971023
2,m,t,3,UH,0.06767136310361559
2,m,t,4,UH,0.07325139493003945
2,m,t,5,UH,0.07958120742605285
2,m,t,6,UH,0.08646919611467986
2,m,t,7,UH,0.09379538732069857
2,m,t,8,UH,0.10147260943520846
2,m,t,9,UH,0.10942597102944432
2,m,t,10,UH,0.1175818326909394
2,m,t,11,UH,0.12586182649822006
2,m,t,12,UH,0.1341796669917613
2,m,t,13,UH,0.14243960911909717
2,m,t,14,UH,0.15053597886578543
2,m,t,15,UH,0.15835349667479745
2,m,t,16,UH,0.16576826506708292
2,m,t,17,UH,0.17264936709834622
2,m,t,18,UH,0.17886105545857364
2,m,t,19,UH,0.1842655205022828
2,m,t,20,UH,0.1887262181672273
2,m,t,21,UH,0.1921117201950318
2,m,t,22,UH,0.19430002184109132
2,m,t,23,UH,0.19518320804221814
2,m,t,24,UH,0.19467233937010792
2,m,t,25,UH,0.19270237596067308
2,m,t,26,UH,0.18923691357987033
2,m,t,27,UH,0.1842724645819266
2,m,t,28,UH,0.1778419822828501
2,m,t,29,UH,0.1700173057691137
2,m,t,30,UH,0.16091019974458565
2,m,t,31,UH,0.1506716873741765
2,m,t,32,UH,0.13948942945039622
2,m,t,33,UH,0.127582995276618
2,m,t,34,UH,0.11519700116058067
2,m,t,35,UH,0.10259225854725688
2,m,t,36,UH,0.09003526676731556
2,m,t,37,UH,0.07778658923288224
2,m,t,38,UH,0.06608884357719273
2,m,t,39,UH,0.0551551867515672
2,m,t,40,UH,0.04515925385618327
2,m,t,41,UH,0.03622748543706516
2,m,t,42,UH,0.02843463241257859
2,m,t,43,UH,0.02180295757217885
2,m,t,44,UH,0.016305277087262628
2,m,t,45,UH,0.0118715488243823
2,m,t,46,UH,0.008398281870145168
2,m,t,47,UH,0.005759689938682671
2,m,t,48,UH,0.0038193113152267754
2,m,t,49,UH,0.00244081669216853
2,m,t,50,UH,0.0014969308107069192
2,m,t,51,UH,8.757648240319484e-4
2,m,t,52,UH,4.843144644361571e-4
2,m,t,53,UH,2.4932518343887835e-4
2,m,t,54,UH,1.1606788827902596e-4
2,m,t,55,UH,4.5749692306777686e-5
2,m,t,56,UH,1.229290261355406e-5
2,m,t,57,UH,-9.134812851845816e-7
2,m,t,58,UH,-3.893036071771285e-6
2,m,t,59,UH,-2.4299114811856263e-6
2,m,t,60,UH,0
2,m,t,61,UH,0
3,f,h,0,init,4.93142489494301
3,f,u,0,init,-2.572020348595631
3,f,t,0,init,2.3594045463473794
3,f,h,0,HD,-20.85833474399631
3,f,h,1,HD,-19.77956890713693
3,f,h,2,HD,-18.711910875925113
3,f,h,3,HD,-17.659315220848615
3,f,h,4,HD,-16.624821040088822
3,f,h,5,HD,-15.610960370381518
3,f,h,6,HD,-14.619976195883229
3,f,h,7,HD,-13.653934785550081
3,f,h,8,HD,-12.714778531065617
3,f,h,9,HD,-11.804344909799752
3,f,h,10,HD,-10.92436611920658
3,f,h,11,HD,-10.07645788449303
3,f,h,12,HD,-9.262102597049171
3,f,h,13,HD,-8.482630055021541
3,f,h,14,HD,-7.73919798136948
3,f,h,15,HD,-7.032773826392227
3,f,h,16,HD,-6.364118923821945
3,f,h,17,HD,-5.733775755306157
3,f,h,18,HD,-5.142058830705088
3,f,h,19,HD,-4.589049482367839
3,f,h,20,HD,-4.074594687379056
3,f,h,21,HD,-3.5983098682987276
3,f,h,22,HD,-3.159585480320847
3,f,h,23,HD,-2.7575970733179993
3,f,h,24,HD,-2.391318423780045
3,f,h,25,HD,-2.059537266722147
3,f,h,26,HD,-1.7608731228433514
3,f,h,27,HD,-1.4937967118981181
3,f,h,28,HD,-1.2566504682257325
3,f,h,29,HD,-1.0476697258168604
3,f,h,30,HD,-0.865004213522334
3,f,h,31,HD,-0.706739589436202
3,f,h,32,HD,-0.5709188385077681
3,f,h,33,HD,-0.4555634484452503
3,f,h,34,HD,-0.3586943535708377
3,f,h,35,HD,-0.2783526808955546
3,f,h,36,HD,-0.21262033374455855
3,f,h,37,HD,-0.15964039425901536
3,f,h,38,HD,-0.11763721049922651
3,f,h,39,HD,-0.08493585890658173
3,f,h,40,HD,-0.059980453589539795
3,f,h,41,HD,-0.0413505413178638
3,f,h,42,HD,-0.027774622832770286
3,f,h,43,HD,-0.01813973705831667
3,f,h,44,HD,-0.01149609661660886
3,f,h,45,HD,-0.0070560165330912075
3,f,h,46,HD,-0.004186842067456428
3,f,h,47,HD,-0.0023982100354044086
3,f,h,48,HD,-0.0013246641168309823
3,f,h,49,HD,-7.052376434180146e-4
3,f,h,50,HD,-3.6196262372313137e-4
3,f,h,51,HD,-1.7925749568420388e-4
3,f,h,52,HD,-8.578182229349997e-5
3,f,h,53,HD,-3.972748456621766e-5
3,f,h,54,HD,-1.7822102001400585e-5
3,f,h,55,HD,-7.736238119074982e-6
3,f,h,56,HD,-3.231004212817772e-6
3,f,h,57,HD,-1.276937781568074e-6
3,f,h,58,HD,-4.5535231819390887e-7
3,f,h,59,HD,-1.2306934339329807e-7
3,f,h,60,HD,0
3,f,h,61,HD,0
3,f,h,0,HH,5.052128512504551
3,f,h,1,HH,5.153768494277118
3,f,h,2,HH,5.247286207358449
3,f,h,3,HH,5.331823621651503
3,f,h,4,HH,5.406330575518811
3,f,h,5,HH,5.469645987335283
3,f,h,6,HH,5.520556254219706
3,f,h,7,HH,5.5578412396897185
3,f,h,8,HH,5.580313496172729
3,f,h,9,HH,5.5868536628475765
3,f,h,10,HH,5.576443415393715
3,f,h,11,HH,5.548196431324918
3,f,h,12,HH,5.5013873044779755
3,f,h,13,HH,5.4354780459252225
3,f,h,14,HH,5.350141661327645
3,f,h,15,HH,5.245282246400992
3,f,h,16,HH,5.121051061161914
3,f,h,17,HH,4.977858108282693
3,f,h,18,HH,4.816378834842431
3,f,h,19,HH,4.637555686635982
3,f,h,20,HH,4.442594358573848
3,f,h,21,HH,4.232954693854249
3,f,h,22,HH,4.010336280626499
3,f,h,23,HH,3.776658872124826
3,f,h,24,HH,3.53403781178093
3,f,h,25,HH,3.2847546789235835
3,f,h,26,HH,3.0312233874176773
3,f,h,27,HH,2.7759519772510854
3,f,h,28,HH,2.5215003503413342
3,f,h,29,HH,2.270434233727875
3,f,h,30,HH,2.0252757265478456
3,f,h,31,HH,1.7884509246940536
3,f,h,32,HH,1.5622353413480952
3,f,h,33,HH,1.3486981706375956
3,f,h,34,HH,1.1496468829524722
3,f,h,35,HH,0.9665741832180035
3,f,h,36,HH,0.8006099697719308
3,f,h,37,HH,0.6524815278060767
3,f,h,38,HH,0.5224856627846722
3,f,h,39,HH,0.4104766717003511
3,f,h,40,HH,0.31587378453461035
3,f,h,41,HH,0.2376908132301289
3,f,h,42,HH,0.17458910829413873
3,f,h,43,HH,0.1249525569496709
3,f,h,44,HH,0.08698046635366956
3,f,h,45,HH,0.05879119497017131
3,f,h,46,HH,0.038526961834736584
3,f,h,47,HH,0.02444909710863289
3,f,h,48,HH,0.015013685710419555
3,f,h,49,HH,0.008920294395185374
3,f,h,50,HH,0.005130865603834384
3,f,h,51,HH,0.0028609130376616413
3,f,h,52,HH,0.0015495305001055506
3,f,h,53,HH,8.172365384702493e-4
3,f,h,54,HH,4.207700830117423e-4
3,f,h,55,HH,2.1194738749360408e-4
3,f,h,56,HH,1.0459794903207688e-4
3,f,h,57,HH,5.060253928466518e-5
3,f,h,58,HH,2.3988024807510702e-5
3,f,h,59,HH,1.1108758043132245e-5
3,f,h,60,HH,4.831206129637327e-6
3,f,h,61,HH,0
3,f,h,0,UD,-0.16074908793754528
3,f,h,1,UD,-0.15468697749009774
3,f,h,2,UD,-0.15676403615020507
3,f,h,3,UD,-0.16414270977402096
3,f,h,4,UD,-0.17518270891582288
3,f,h,5,UD,-0.18892706714156157
3,f,h,6,UD,-0.20481109674999678
3,f,h,7,UD,-0.22249499712172885
3,f,h,8,UD,-0.24176588412173897
3,f,h,9,UD,-0.26247923646432725
3,f,h,10,UD,-0.28452296570281727
3,f,h,11,UD,-0.3077946133609878
3,f,h,12,UD,-0.3321862617535419
3,f,h,13,UD,-0.3575740608810513
3,f,h,14,UD,-0.3838106068657446
3,f,h,15,UD,-0.4107191879763178
3,f,h,16,UD,-0.4380893808877709
3,f,h,17,UD,-0.46567376589366566
3,f,h,18,UD,-0.49318571050329374
3,f,h,19,UD,-0.5202982886169504
3,f,h,20,UD,-0.5466444809587131
3,f,h,21,UD,-0.5718188544128715
3,f,h,22,UD,-0.5953809495370456
3,f,h,23,UD,-0.6168606188398316
3,f,h,24,UD,-0.6357655526394889
3,f,h,25,UD,-0.6515912016448009
3,f,h,26,UD,-0.663833251419771
3,f,h,27,UD,-0.6720027180049771
3,f,h,28,UD,-0.6756436098247233
3,f,h,29,UD,-0.6743529322531788
3,f,h,30,UD,-0.6678025926544835
3,f,h,31,UD,-0.6557624931481538
3,f,h,32,UD,-0.6381237791839554
3,f,h,33,UD,-0.6149208567150944
3,f,h,34,UD,-0.586350425030688
3,f,h,35,UD,-0.5527854393178251
3,f,h,36,UD,-0.5147816806224733
3,f,h,37,UD,-0.4730745558544172
3,f,h,38,UD,-0.4285639771974852
3,f,h,39,UD,-0.3822857806480594
3,f,h,40,UD,-0.33536921563498917
3,f,h,41,UD,-0.28898158964267595
3,f,h,42,UD,-0.2442630973058655
3,f,h,43,UD,-0.20225697327079808
3,f,h,44,UD,-0.1638419949008445
3,f,h,45,UD,-0.12967551337006034
3,f,h,46,UD,-0.1001550781412159
3,f,h,47,UD,-0.07540496160596416
3,f,h,48,UD,-0.05529046845968631
3,f,h,49,UD,-0.0394583256902723
3,f,h,50,UD,-0.027396709476769816
3,f,h,51,UD,-0.018504874240601706
3,f,h,52,UD,-0.012161040918256653
3,f,h,53,UD,-0.0077786464982616795
3,f,h,54,UD,-0.004844774949876825
3,f,h,55,UD,-0.0029392895595995103
3,f,h,56,UD,-0.0017373186022205651
3,f,h,57,UD,-0.0010001824035660684
3,f,h,58,UD,-5.602863651206423e-4
3,f,h,59,UD,-3.042286363546966e-4
3,f,h,60,UD,-1.5374314563331633e-4
3,f,h,61,UD,0
3,f,h,0,UU,-0.03134351719182845
3,f,h,1,UU,-0.03197409388998227
3,f,h,2,UU,-0.03433277675547542
3,f,h,3,UU,-0.038065968949620006
3,f,h,4,UU,-0.042988930040446446
3,f,h,5,UU,-0.04901966087477322
3,f,h,6,UU,-0.056139090855615054
3,f,h,7,UU,-0.06436634848351325
3,f,h,8,UU,-0.07374269689761838
3,f,h,9,UU,-0.08432041515347599
3,f,h,10,UU,-0.09615444716786742
3,f,h,11,UU,-0.10929553645878964
3,f,h,12,UU,-0.1237840981585185
3,f,h,13,UU,-0.13964440738745756
3,f,h,14,UU,-0.1568788933517768
3,f,h,15,UU,-0.17546247159777845
3,f,h,16,UU,-0.19533695119987707
3,f,h,17,UU,-0.21640563530162268
3,f,h,18,UU,-0.2385283010740412
3,f,h,19,UU,-0.2615168030846848
3,f,h,20,UU,-0.28513159378641045
3,f,h,21,UU,-0.30907949598830603
3,f,h,22,UU,-0.33301309307548005
3,f,h,23,UU,-0.356532120635807
3,f,h,24,UU,-0.37918724429958905
3,f,h,25,UU,-0.4004865883294468
3,f,h,26,UU,-0.41990533219447235
3,f,h,27,UU,-0.43689861150486864
3,f,h,28,UU,-0.4509178380351313
3,f,h,29,UU,-0.46143038363766775
3,f,h,30,UU,-0.4679423478253127
3,f,h,31,UU,-0.47002384411488285
3,f,h,32,UU,-0.4673358960218915
3,f,h,33,UU,-0.45965763820888006
3,f,h,34,UU,-0.4469120926562762
3,f,h,35,UU,-0.4291883723497947
3,f,h,36,UU,-0.40675781639370884
3,f,h,37,UU,-0.38008136535111414
3,f,h,38,UU,-0.34980554986722656
3,f,h,39,UU,-0.3167449048705793
3,f,h,40,UU,-0.2818495379691214
3,f,h,41,UU,-0.2461580261533932
3,f,h,42,UU,-0.21073774490277106
3,f,h,43,UU,-0.17661696002774768
3,f,h,44,UU,-0.14471517582404017
3,f,h,45,UU,-0.115779821428255
3,f,h,46,UU,-0.09033779529300065
3,f,h,47,UU,-0.06866920465751093
3,f,h,48,UU,-0.0508076840692356
3,f,h,49,UU,-0.0365673170154868
3,f,h,50,UU,-0.0255913399234602
3,f,h,51,UU,-0.017413771824491272
3,f,h,52,UU,-0.011523122254852053
3,f,h,53,UU,-0.007418040859753325
3,f,h,54,UU,-0.004647908529815219
3,f,h,55,UU,-0.0028357814175131095
3,f,h,56,UU,-0.0016852613063472316
3,f,h,57,UU,-9.75564370158705e-4
3,f,h,58,UU,-5.498488673109868e-4
3,f,h,59,UU,-3.008951433059584e-4
3,f,h,60,UU,-1.5374314563331633e-4
3,f,h,61,UU,0
3,f,u,0,HD,-5.4336702721596994
3,f,u,1,HD,-5.435157467898742
3,f,u,2,HD,-5.429987620434935
3,f,u,3,HD,-5.418151103622253
3,f,u,4,HD,-5.3994486351404785
3,f,u,5,HD,-5.37357647123068
3,f,u,6,HD,-5.340179017749085
3,f,u,7,HD,-5.29888295155708
3,f,u,8,HD,-5.249320654917303
3,f,u,9,HD,-5.191147301863457
3,f,u,10,HD,-5.124054009234165
3,f,u,11,HD,-5.0477783877723725
3,f,u,12,HD,-4.962113227951274
3,f,u,13,HD,-4.866913726483908
3,f,u,14,HD,-4.762103488521151
3,f,u,15,HD,-4.647679462006013
3,f,u,16,HD,-4.523715935970506
3,f,u,17,HD,-4.390367739907588
3,f,u,18,HD,-4.24787280103203
3,f,u,19,HD,-4.096554239047592
3,f,u,20,HD,-3.936822195193413
3,f,u,21,HD,-3.7691755963828886
3,f,u,22,HD,-3.5942040393914403
3,f,u,23,HD,-3.4125899379205404
3,f,u,24,HD,-3.2251110009889583
3,f,u,25,HD,-3.0326429991813915
3,f,u,26,HD,-2.836162621828453
3,f,u,27,HD,-2.6367500315945325
3,f,u,28,HD,-2.4355904856307315
3,f,u,29,HD,-2.233974123134622
3,f,u,30,HD,-2.0332927357825223
3,f,u,31,HD,-1.835032070518486
3,f,u,32,HD,-1.6407580097374195
3,f,u,33,HD,-1.4520948957903683
3,f,u,34,HD,-1.270694395545412
3,f,u,35,HD,-1.0981937277315068
3,f,u,36,HD,-0.9361628889382898
3,f,u,37,HD,-0.7860417737535077
3,f,u,38,HD,-0.6490697879106694
3,f,u,39,HD,-0.5262125917488049
3,f,u,40,HD,-0.41809272891827004
3,f,u,41,HD,-0.324932668349269
3,f,u,42,HD,-0.24651964935780968
3,f,u,43,HD,-0.18220105812433715
3,f,u,44,HD,-0.1309164035073126
3,f,u,45,HD,-0.09126721025828613
3,f,u,46,HD,-0.061619838518633334
3,f,u,47,HD,-0.04022962220990482
3,f,u,48,HD,-0.025369593665039058
3,f,u,49,HD,-0.015445251275435416
3,f,u,50,HD,-0.00907942152820682
3,f,u,51,HD,-0.005157946756546962
3,f,u,52,HD,-0.0028357980549156537
3,f,u,53,HD,-0.0015114080705319899
3,f,u,54,HD,-7.819422408735037e-4
3,f,u,55,HD,-3.9274379735060446e-4
3,f,u,56,HD,-1.9105544375385257e-4
3,f,u,57,HD,-8.937118761794284e-5
3,f,u,58,HD,-3.9494739738074654e-5
3,f,u,59,HD,-1.574716366154676e-5
3,f,u,60,HD,-4.831206129637327e-6
3,f,u,61,HD,0
3,f,u,0,HH,-2.5904757032283
3,f,u,1,HH,-2.598063680481509
3,f,u,2,HH,-2.6007950487950406
3,f,u,3,HH,-2.598547049488065
3,f,u,4,HH,-2.5911228270488524
3,f,u,5,HH,-2.5782947878710925
3,f,u,6,HH,-2.5598331268035284
3,f,u,7,HH,-2.535525809300249
3,f,u,8,HH,-2.5051934397246973
3,f,u,9,HH,-2.4687008625434346
3,f,u,10,HH,-2.4259664582021765
3,f,u,11,HH,-2.3769696012240655
3,f,u,12,HH,-2.3217564767695182
3,f,u,13,HH,-2.2604443106812697
3,f,u,14,HH,-2.193224004353232
3,f,u,15,HH,-2.120361148959243
3,f,u,16,HH,-2.042195405037175
3,f,u,17,HH,-1.9591382612255426
3,f,u,18,HH,-1.8716692220135556
3,f,u,19,HH,-1.7803305129247537
3,f,u,20,HH,-1.6857204283619587
3,f,u,21,HH,-1.5884854792687735
3,f,u,22,HH,-1.4893115226047229
3,f,u,23,HH,-1.38891407101025
3,f,u,24,HH,-1.2880279883513728
3,f,u,25,HH,-1.187396775209898
3,f,u,26,HH,-1.0877616386342446
3,f,u,27,HH,-0.9898505240243918
3,f,u,28,HH,-0.8943672658918098
3,f,u,29,HH,-0.8019809909128098
3,f,u,30,HH,-0.7133158841313336
3,f,u,31,HH,-0.6289414107201037
3,f,u,32,HH,-0.5493630750962821
3,f,u,33,HH,-0.4750138004200289
3,f,u,34,HH,-0.4062460287120026
3,f,u,35,HH,-0.34332467887090107
3,f,u,36,HH,-0.28642115957123243
3,f,u,37,HH,-0.2356087167785978
3,f,u,38,HH,-0.19085949730812274
3,f,u,39,HH,-0.15204381897938163
3,f,u,40,HH,-0.11893223255167647
3,f,u,41,HH,-0.09120100624833664
3,f,u,42,HH,-0.06844161415117475
3,f,u,43,HH,-0.05017461408630949
3,f,u,44,HH,-0.035867918195147834
3,f,u,45,HH,-0.024958883580100736
3,f,u,46,HH,-0.016878935795221883
3,f,u,47,HH,-0.011078718650451312
3,f,u,48,HH,-0.007051245385813818
3,f,u,49,HH,-0.004350435724521415
3,f,u,50,HH,-0.0026029181973664882
3,f,u,51,HH,-0.0015120445052726518
3,f,u,52,HH,-8.544654125272783e-4
3,f,u,53,HH,-4.7094434591004024e-4
3,f,u,54,HH,-2.539110177047095e-4
3,f,u,55,HH,-1.3434621890875853e-4
3,f,u,56,HH,-7.0009472835435e-5
3,f,u,57,HH,-3.609757706147107e-5
3,f,u,58,HH,-1.854274592590126e-5
3,f,u,59,HH,-9.573618892049013e-6
3,f,u,60,HH,-4.831206129637327e-6
3,f,u,61,HH,0
3,f,u,0,UD,-0.017639242079935967
3,f,u,1,UD,-0.0176013926962949
3,f,u,2,UD,-0.01851129005011152
3,f,u,3,UD,-0.020130253360040727
3,f,u,4,UD,-0.022330658476844206
3,f,u,5,UD,-0.02505166888040369
3,f,u,6,UD,-0.028273616533211164
3,f,u,7,UD,-0.03200293083809612
3,f,u,8,UD,-0.03626307762408735
3,f,u,9,UD,-0.04108892551153074
3,f,u,10,UD,-0.04652304301408736
3,f,u,11,UD,-0.05261303969999099
3,f,u,12,UD,-0.05940941096725832
3,f,u,13,UD,-0.06696354467223976
3,f,u,14,UD,-0.07532566353212049
3,f,u,15,UD,-0.08454254640458739
3,f,u,16,UD,-0.09465491538028842
3,f,u,17,UD,-0.10569440680175005
3,f,u,18,UD,-0.11768007088833483
3,f,u,19,UD,-0.13061437209909393
3,f,u,20,UD,-0.1444786948223888
3,f,u,21,UD,-0.15922839979433015
3,f,u,22,UD,-0.1747875286650706
3,f,u,23,UD,-0.19104331970101848
3,f,u,24,UD,-0.2078407783564269
3,f,u,25,UD,-0.22497764280780544
3,f,u,26,UD,-0.24220019504492712
3,f,u,27,UD,-0.25920048835209547
3,f,u,28,UD,-0.27561568336888853
3,f,u,29,UD,-0.29103029303900674
3,f,u,30,UD,-0.3049822100468105
3,f,u,31,UD,-0.3169733988459694
3,f,u,32,UD,-0.3264860397116195
3,f,u,33,UD,-0.333004669550455
3,f,u,34,UD,-0.33604442750512875
3,f,u,35,UD,-0.3351848456567451
3,f,u,36,UD,-0.33010771416261997
3,f,u,37,UD,-0.3206364301727638
3,f,u,38,UD,-0.3067730161336547
3,f,u,39,UD,-0.28872786325579386
3,f,u,40,UD,-0.2669365164436387
3,f,u,41,UD,-0.24205783896499547
3,f,u,42,UD,-0.21494905336785194
3,f,u,43,UD,-0.1866157024594719
3,f,u,44,UD,-0.1581384745378331
3,f,u,45,UD,-0.13058360568962477
3,f,u,46,UD,-0.1049082076284418
3,f,u,47,UD,-0.08187498105067689
3,f,u,48,UD,-0.06199096411051042
3,f,u,49,UD,-0.04548141793365039
3,f,u,50,UD,-0.03230300909287022
3,f,u,51,UD,-0.022191834936018315
3,f,u,52,UD,-0.014734229667770401
3,f,u,53,UD,-0.00944426987660651
3,f,u,54,UD,-0.005832736036289236
3,f,u,55,UD,-0.0034572686171839943
3,f,u,56,UD,-0.0019502685565611127
3,f,u,57,UD,-0.0010270598484442915
3,f,u,58,UD,-4.8025755175654463e-4
3,f,u,59,UD,-1.6721848031177433e-4
3,f,u,60,UD,0
3,f,u,61,UD,0
3,f,u,0,UU,0.016071368639610978
3,f,u,1,UU,0.01611844461855682
3,f,u,2,UU,0.01701689449906658
3,f,u,3,UU,0.018552041162475778
3,f,u,4,UU,0.020603549187799636
3,f,u,5,UU,0.023107004809686037
3,f,u,6,UU,0.026031200093467478
3,f,u,7,UU,0.0293643756257192
3,f,u,8,UU,0.033105616847910885
3,f,u,9,UU,0.03725923286727152
3,f,u,10,UU,0.041830867142359444
3,f,u,11,UU,0.04682461605815582
3,f,u,12,UU,0.05224073778384616
3,f,u,13,UU,0.05807371560153267
3,f,u,14,UU,0.06431055034720444
3,f,u,15,UU,0.0709292256163277
3,f,u,16,UU,0.07789733385002606
3,f,u,17,UU,0.08517088089730514
3,f,u,18,UU,0.09269330652933812
3,f,u,19,UU,0.10039477165004752
3,f,u,20,UU,0.10819177120898649
3,f,u,21,UU,0.1159871358958704
3,f,u,22,UU,0.12367048596185856
3,f,u,23,UU,0.1311191971224001
3,f,u,24,UU,0.1381999314935388
3,f,u,25,UU,0.1447707758964309
3,f,u,26,UU,0.15068401560738512
3,f,u,27,UU,0.15578955366939581
3,f,u,28,UU,0.15993896407380379
3,f,u,29,UU,0.1629901411851987
3,f,u,30,UU,0.16481247722771214
3,f,u,31,UU,0.16529246372263257
3,f,u,32,UU,0.16433957045160513
3,f,u,33,UU,0.16189220566264512
3,f,u,34,UU,0.15792350287482881
3,f,u,35,UU,0.1524466126557863
3,f,u,36,UU,0.14551910397685527
3,f,u,37,UU,0.13724600459256003
3,f,u,38,UU,0.1277809443562954
3,f,u,39,UU,0.1173248281791275
3,f,u,40,UU,0.10612148407223457
3,f,u,41,UU,0.0944498416922752
3,f,u,42,UU,0.08261243536122902
3,f,u,43,UU,0.07092041993233278
3,f,u,44,UU,0.059675836491236804
3,f,u,45,UU,0.049152514852246566
3,f,u,46,UU,0.03957763015867148
3,f,u,47,UU,0.031116355543542765
3,f,u,48,UU,0.023862058575560282
3,f,u,49,UU,0.017833913909829833
3,f,u,50,UU,0.012982636756648947
3,f,u,51,UU,0.009203494708393802
3,f,u,52,UU,0.006354253375731375
3,f,u,53,UU,0.004274753068640063
3,f,u,54,UU,0.002804750700326877
3,f,u,55,UU,0.0017975051053936793
3,f,u,56,UU,0.001127978672040158
3,f,u,57,UU,6.959237723649414e-4
3,f,u,58,UU,4.2503323745938116e-4
3,f,u,59,UU,2.59313905055356e-4
3,f,u,60,UU,1.5374314563331633e-4
3,f,u,61,UU,0
3,f,t,0,HD,-26.292005016156008
3,f,t,1,HD,-25.21472637503567
3,f,t,2,HD,-24.141898496360046
3,f,t,3,HD,-23.07746632447087
3,f,t,4,HD,-22.0242696752293
3,f,t,5,HD,-20.984536841612197
3,f,t,6,HD,-19.960155213632316
3,f,t,7,HD,-18.95281773710716
3,f,t,8,HD,-17.96409918598292
3,f,t,9,HD,-16.99549221166321
3,f,t,10,HD,-16.048420128440746
3,f,t,11,HD,-15.124236272265403
3,f,t,12,HD,-14.224215825000446
3,f,t,13,HD,-13.34954378150545
3,f,t,14,HD,-12.501301469890631
3,f,t,15,HD,-11.68045328839824
3,f,t,16,HD,-10.88783485979245
3,f,t,17,HD,-10.124143495213744
3,f,t,18,HD,-9.389931631737118
3,f,t,19,HD,-8.685603721415431
3,f,t,20,HD,-8.011416882572469
3,f,t,21,HD,-7.367485464681616
3,f,t,22,HD,-6.753789519712288
3,f,t,23,HD,-6.170187011238539
3,f,t,24,HD,-5.616429424769003
3,f,t,25,HD,-5.092180265903539
3,f,t,26,HD,-4.597035744671804
3,f,t,27,HD,-4.13054674349265
3,f,t,28,HD,-3.692240953856464
3,f,t,29,HD,-3.2816438489514823
3,f,t,30,HD,-2.8982969493048563
3,f,t,31,HD,-2.541771659954688
3,f,t,32,HD,-2.2116768482451876
3,f,t,33,HD,-1.9076583442356185
3,f,t,34,HD,-1.6293887491162495
3,f,t,35,HD,-1.3765464086270613
3,f,t,36,HD,-1.1487832226828483
3,f,t,37,HD,-0.945682168012523
3,f,t,38,HD,-0.7667069984098959
3,f,t,39,HD,-0.6111484506553866
3,f,t,40,HD,-0.47807318250780984
3,f,t,41,HD,-0.36628320966713274
3,f,t,42,HD,-0.27429427219057995
3,f,t,43,HD,-0.20034079518265382
3,f,t,44,HD,-0.14241250012392145
3,f,t,45,HD,-0.09832322679137732
3,f,t,46,HD,-0.06580668058608975
3,f,t,47,HD,-0.04262783224530923
3,f,t,48,HD,-0.02669425778187004
3,f,t,49,HD,-0.016150488918853432
3,f,t,50,HD,-0.009441384151929952
3,f,t,51,HD,-0.005337204252231166
3,f,t,52,HD,-0.0029215798772091535
3,f,t,53,HD,-0.0015511355550982076
3,f,t,54,HD,-7.997643428749044e-4
3,f,t,55,HD,-4.0048003546967943e-4
3,f,t,56,HD,-1.9428644796667035e-4
3,f,t,57,HD,-9.064812539951091e-5
3,f,t,58,HD,-3.995009205626856e-5
3,f,t,59,HD,-1.587023300494006e-5
3,f,t,60,HD,-4.831206129637327e-6
3,f,t,61,HD,0
3,f,t,0,HH,2.4616528092762513
3,f,t,1,HH,2.555704813795609
3,f,t,2,HH,2.6464911585634083
3,f,t,3,HH,2.7332765721634376
3,f,t,4,HH,2.815207748469959
3,f,t,5,HH,2.8913511994641903
3,f,t,6,HH,2.960723127416177
3,f,t,7,HH,3.0223154303894697
3,f,t,8,HH,3.0751200564480317
3,f,t,9,HH,3.1181528003041414
3,f,t,10,HH,3.1504769571915388
3,f,t,11,HH,3.1712268301008524
3,f,t,12,HH,3.1796308277084577
3,f,t,13,HH,3.1750337352439524
3,f,t,14,HH,3.1569176569744135
3,f,t,15,HH,3.124921097441748
3,f,t,16,HH,3.078855656124739
3,f,t,17,HH,3.0187198470571506
3,f,t,18,HH,2.9447096128288757
3,f,t,19,HH,2.8572251737112278
3,f,t,20,HH,2.756873930211889
3,f,t,21,HH,2.644469214585475
3,f,t,22,HH,2.5210247580217757
3,f,t,23,HH,2.3877448011145757
3,f,t,24,HH,2.2460098234295574
3,f,t,25,HH,2.097357903713686
3,f,t,26,HH,1.943461748783433
3,f,t,27,HH,1.7861014532266934
3,f,t,28,HH,1.6271330844495244
3,f,t,29,HH,1.4684532428150654
3,f,t,30,HH,1.3119598424165118
3,f,t,31,HH,1.15950951397395
3,f,t,32,HH,1.012872266251813
3,f,t,33,HH,0.8736843702175667
3,f,t,34,HH,0.7434008542404696
3,f,t,35,HH,0.6232495043471025
3,f,t,36,HH,0.5141888102006983
3,f,t,37,HH,0.416872811027479
3,f,t,38,HH,0.33162616547654944
3,f,t,39,HH,0.2584328527209695
3,f,t,40,HH,0.19694155198293387
3,f,t,41,HH,0.14648980698179226
3,f,t,42,HH,0.10614749414296398
3,f,t,43,HH,0.07477794286336141
3,f,t,44,HH,0.051112548158521724
3,f,t,45,HH,0.03383231139007058
3,f,t,46,HH,0.0216480260395147
3,f,t,47,HH,0.013370378458181578
3,f,t,48,HH,0.007962440324605738
3,f,t,49,HH,0.00456985867066396
3,f,t,50,HH,0.0025279474064678954
3,f,t,51,HH,0.0013488685323889895
3,f,t,52,HH,6.950650875782725e-4
3,f,t,53,HH,3.462921925602091e-4
3,f,t,54,HH,1.668590653070328e-4
3,f,t,55,HH,7.760116858484555e-5
3,f,t,56,HH,3.4588476196641874e-5
3,f,t,57,HH,1.4504962223194109e-5
3,f,t,58,HH,5.4452788816094454e-06
3,f,t,59,HH,1.5351391510832322e-6
3,f,t,60,HH,0
3,f,t,61,HH,0
3,f,t,0,UD,-0.17838833001748125
3,f,t,1,UD,-0.17228837018639265
3,f,t,2,UD,-0.17527532620031658
3,f,t,3,UD,-0.18427296313406166
3,f,t,4,UD,-0.1975133673926671
3,f,t,5,UD,-0.21397873602196527
3,f,t,6,UD,-0.23308471328320796
3,f,t,7,UD,-0.25449792795982495
3,f,t,8,UD,-0.2780289617458263
3,f,t,9,UD,-0.303568161975858
3,f,t,10,UD,-0.3310460087169046
3,f,t,11,UD,-0.3604076530609788
3,f,t,12,UD,-0.3915956727208002
3,f,t,13,UD,-0.42453760555329106
3,f,t,14,UD,-0.4591362703978651
3,f,t,15,UD,-0.4952617343809052
3,f,t,16,UD,-0.5327442962680593
3,f,t,17,UD,-0.5713681726954157
3,f,t,18,UD,-0.6108657813916286
3,f,t,19,UD,-0.6509126607160443
3,f,t,20,UD,-0.6911231757811019
3,f,t,21,UD,-0.7310472542072016
3,f,t,22,UD,-0.7701684782021162
3,f,t,23,UD,-0.8079039385408501
3,f,t,24,UD,-0.8436063309959158
3,f,t,25,UD,-0.8765688444526063
3,f,t,26,UD,-0.9060334464646981
3,f,t,27,UD,-0.9312032063570727
3,f,t,28,UD,-0.9512592931936118
3,f,t,29,UD,-0.9653832252921856
3,f,t,30,UD,-0.972784802701294
3,f,t,31,UD,-0.9727358919941232
3,f,t,32,UD,-0.9646098188955748
3,f,t,33,UD,-0.9479255262655495
3,f,t,34,UD,-0.9223948525358168
3,f,t,35,UD,-0.8879702849745702
3,f,t,36,UD,-0.8448893947850933
3,f,t,37,UD,-0.7937109860271809
3,f,t,38,UD,-0.7353369933311399
3,f,t,39,UD,-0.6710136439038533
3,f,t,40,UD,-0.6023057320786278
3,f,t,41,UD,-0.5310394286076714
3,f,t,42,UD,-0.45921215067371746
3,f,t,43,UD,-0.38887267573026996
3,f,t,44,UD,-0.32198046943867764
3,f,t,45,UD,-0.26025911905968513
3,f,t,46,UD,-0.20506328576965768
3,f,t,47,UD,-0.15727994265664105
3,f,t,48,UD,-0.11728143257019673
3,f,t,49,UD,-0.08493974362392269
3,f,t,50,UD,-0.059699718569640035
3,f,t,51,UD,-0.04069670917662002
3,f,t,52,UD,-0.026895270586027052
3,f,t,53,UD,-0.01722291637486819
3,f,t,54,UD,-0.010677510986166061
3,f,t,55,UD,-0.006396558176783505
3,f,t,56,UD,-0.003687587158781678
3,f,t,57,UD,-0.00202724225201036
3,f,t,58,UD,-0.001040543916877187
3,f,t,59,UD,-0.00047144711666647097
3,f,t,60,UD,-1.5374314563331633e-4
3,f,t,61,UD,0
3,f,t,0,UU,-0.01527214855221747
3,f,t,1,UU,-0.015855649271425454
3,f,t,2,UU,-0.017315882256408843
3,f,t,3,UU,-0.019513927787144225
3,f,t,4,UU,-0.022385380852646807
3,f,t,5,UU,-0.025912656065087185
3,f,t,6,UU,-0.03010789076214758
3,f,t,7,UU,-0.03500197285779404
3,f,t,8,UU,-0.040637080049707494
3,f,t,9,UU,-0.04706118228620447
3,f,t,10,UU,-0.054323580025507974
3,f,t,11,UU,-0.06247092040063383
3,f,t,12,UU,-0.07154336037467235
3,f,t,13,UU,-0.08157069178592488
3,f,t,14,UU,-0.09256834300457237
3,f,t,15,UU,-0.10453324598145075
3,f,t,16,UU,-0.11743961734985102
3,f,t,17,UU,-0.13123475440431753
3,f,t,18,UU,-0.14583499454470306
3,f,t,19,UU,-0.16112203143463727
3,f,t,20,UU,-0.17693982257742397
3,f,t,21,UU,-0.1930923600924356
3,f,t,22,UU,-0.2093426071136215
3,f,t,23,UU,-0.2254129235134069
3,f,t,24,UU,-0.2409873128060503
3,f,t,25,UU,-0.25571581243301583
3,f,t,26,UU,-0.26922131658708726
3,f,t,27,UU,-0.2811090578354728
3,f,t,28,UU,-0.29097887396132754
3,f,t,29,UU,-0.2984402424524691
3,f,t,30,UU,-0.30312987059760055
3,f,t,31,UU,-0.3047313803922503
3,f,t,32,UU,-0.3029963255702864
3,f,t,33,UU,-0.297765432546235
3,f,t,34,UU,-0.28898858978144737
3,f,t,35,UU,-0.27674175969400844
3,f,t,36,UU,-0.2612387124168536
3,f,t,37,UU,-0.24283536075855414
3,f,t,38,UU,-0.22202460551093114
3,f,t,39,UU,-0.19942007669145184
3,f,t,40,UU,-0.17572805389688678
3,f,t,41,UU,-0.15170818446111797
3,f,t,42,UU,-0.12812530954154203
3,f,t,43,UU,-0.1056965400954149
3,f,t,44,UU,-0.08503933933280337
3,f,t,45,UU,-0.06662730657600845
3,f,t,46,UU,-0.050760165134329176
3,f,t,47,UU,-0.03755284911396817
3,f,t,48,UU,-0.02694562549367532
3,f,t,49,UU,-0.01873340310565697
3,f,t,50,UU,-0.012608703166811251
3,f,t,51,UU,-0.008210277116097472
3,f,t,52,UU,-0.005168868879120678
3,f,t,53,UU,-0.0031432877911132607
3,f,t,54,UU,-0.001843157829488342
3,f,t,55,UU,-0.0010382763121194304
3,f,t,56,UU,-5.572826343070735e-4
3,f,t,57,UU,-2.796405977937635e-4
3,f,t,58,UU,-1.248156298516057e-4
3,f,t,59,UU,-4.158123825060232e-5
3,f,t,60,UU,0
3,f,t,61,UU,0
3,m,h,0,init,7.814076285559619
3,m,u,0,init,-1.7751868089860128
3,m,t,0,init,6.038889476573606
3,m,h,0,HD,-16.510375910522754
3,m,h,1,HD,-15.55776600214219
3,m,h,2,HD,-14.623233241668702
3,m,h,3,HD,-13.711144872376575
3,m,h,4,HD,-12.8241998684898
3,m,h,5,HD,-11.964263653274886
3,m,h,6,HD,-11.132756138885224
3,m,h,7,HD,-10.330831728677445
3,m,h,8,HD,-9.559461398389653
3,m,h,9,HD,-8.819468382810351
3,m,h,10,HD,-8.111541918096199
3,m,h,11,HD,-7.436240807662662
3,m,h,12,HD,-6.793992558400388
3,m,h,13,HD,-6.185090934266187
3,m,h,14,HD,-5.609693355491212
3,m,h,15,HD,-5.067818864307444
3,m,h,16,HD,-4.559347017365955
3,m,h,17,HD,-4.084017876164662
3,m,h,18,HD,-3.6414331653637175
3,m,h,19,HD,-3.2310586136568467
3,m,h,20,HD,-2.8522274625540764
3,m,h,21,HD,-2.5041451147246683
3,m,h,22,HD,-2.185894889920377
3,m,h,23,HD,-1.8964448595739039
3,m,h,24,HD,-1.6346557384237739
3,m,h,25,HD,-1.3992898206404416
3,m,h,26,HD,-1.1890209565067618
3,m,h,27,HD,-1.0024455711226667
3,m,h,28,HD,-0.8380947260593863
3,m,h,29,HD,-0.694447215530769
3,m,h,30,HD,-0.5699436678020396
3,m,h,31,HD,-0.463001588046435
3,m,h,32,HD,-0.3720312294342589
3,m,h,33,HD,-0.29545211504613456
3,m,h,34,HD,-0.23170995629704547
3,m,h,35,HD,-0.1792936283426887
3,m,h,36,HD,-0.13675177644087957
3,m,h,37,HD,-0.10270854907619485
3,m,h,38,HD,-0.07587789555325476
3,m,h,39,HD,-0.055075840504738544
3,m,h,40,HD,-0.03923016750232135
3,m,h,41,HD,-0.027387018014725983
3,m,h,42,HD,-0.018714044285329
3,m,h,43,HD,-0.012499941569859367
3,m,h,44,HD,-0.008150413623120217
3,m,h,45,HD,-0.0051808731151426705
3,m,h,46,HD,-0.003206416261714132
3,m,h,47,HD,-0.0019298057343284615
3,m,h,48,HD,-0.0011283180677682536
3,m,h,49,HD,-6.403408966378071e-4
3,m,h,50,HD,-3.525358717651137e-4
3,m,h,51,HD,-1.8822691697369063e-4
3,m,h,52,HD,-9.745832002793472e-5
3,m,h,53,HD,-4.893074215320278e-5
3,m,h,54,HD,-2.3804571884222518e-5
3,m,h,55,HD,-1.1190329310968749e-5
3,m,h,56,HD,-5.0419109527900885e-6
3,m,h,57,HD,-2.1309466502293014e-6
3,m,h,58,HD,-7.966628111700344e-7
3,m,h,59,HD,-2.156162153993158e-7
3,m,h,60,HD,0
3,m,h,61,HD,0
3,m,h,0,HH,7.783457332766509
3,m,h,1,HH,7.770881814542659
3,m,h,2,HH,7.739375518088796
3,m,h,3,HH,7.689609593173505
3,m,h,4,HH,7.621744573198325
3,m,h,5,HH,7.535745459783865
3,m,h,6,HH,7.431544011143483
3,m,h,7,HH,7.309125705524302
3,m,h,8,HH,7.168578716233361
3,m,h,9,HH,7.010123071146873
3,m,h,10,HH,6.834128896684691
3,m,h,11,HH,6.641128103283633
3,m,h,12,HH,6.431821618941113
3,m,h,13,HH,6.20708315250248
3,m,h,14,HH,5.967959903081685
3,m,h,15,HH,5.71567034849455
3,m,h,16,HH,5.451599106022884
3,m,h,17,HH,5.17728879443429
3,m,h,18,HH,4.894428802791907
3,m,h,19,HH,4.604840872766095
3,m,h,20,HH,4.310461419797237
3,m,h,21,HH,4.013320552516193
3,m,h,22,HH,3.7155178000812588
3,m,h,23,HH,3.419194625828137
3,m,h,24,HH,3.126503895768961
3,m,h,25,HH,2.8395765848018586
3,m,h,26,HH,2.560486143883408
3,m,h,27,HH,2.291211117988975
3,m,h,28,HH,2.033596794843543
3,m,h,29,HH,1.7893168718281003
3,m,h,30,HH,1.559836342150765
3,m,h,31,HH,1.3463770048740369
3,m,h,32,HH,1.1498871745148374
3,m,h,33,HH,0.9710172771542176
3,m,h,34,HH,0.8101030399268019
3,m,h,35,HH,0.6671578770033141
3,m,h,36,HH,0.5418758186791913
3,m,h,37,HH,0.433645901079589
3,m,h,38,HH,0.3415783284995314
3,m,h,39,HH,0.26454195776392764
3,m,h,40,HH,0.20121178203004772
3,m,h,41,HH,0.15012418869120056
3,m,h,42,HH,0.10973693835410199
3,m,h,43,HH,0.07849018194313197
3,m,h,44,HH,0.05486452213970618
3,m,h,45,HH,0.03743222924844719
3,m,h,46,HH,0.02489828398680175
3,m,h,47,HH,0.016128910955671625
3,m,h,48,HH,0.010166574280415678
3,m,h,49,HH,0.0062318456444791625
3,m,h,50,HH,0.0037138970520267578
3,m,h,51,HH,0.0021523943388946647
3,m,h,52,HH,0.001214110129388025
3,m,h,53,HH,6.675758620273391e-4
3,m,h,54,HH,3.5860897686347917e-4
3,m,h,55,HH,1.8874063732049552e-4
3,m,h,56,HH,9.764077533206948e-5
3,m,h,57,HH,4.97908437679913e-5
3,m,h,58,HH,2.5028117712702316e-5
3,m,h,59,HH,1.2225145104779005e-5
3,m,h,60,HH,5.221277499676725e-6
3,m,h,61,HH,0
3,m,h,0,UD,-0.2447921097321613
3,m,h,1,UD,-0.23506660554781314
3,m,h,2,UD,-0.23694618172191648
3,m,h,3,UD,-0.24483672140937698
3,m,h,4,UD,-0.2559352936237686
3,m,h,5,UD,-0.2687989878355252
3,m,h,6,UD,-0.28265345970970523
3,m,h,7,UD,-0.2970541762773108
3,m,h,8,UD,-0.31171822053352355
3,m,h,9,UD,-0.3264397360935489
3,m,h,10,UD,-0.34104698177170095
3,m,h,11,UD,-0.35538041931681125
3,m,h,12,UD,-0.3692816465762161
3,m,h,13,UD,-0.3825880834978603
3,m,h,14,UD,-0.39513084739321225
3,m,h,15,UD,-0.4067345229282798
3,m,h,16,UD,-0.41721817452929655
3,m,h,17,UD,-0.42639727473664174
3,m,h,18,UD,-0.4340863853408127
3,m,h,19,UD,-0.44010250578249727
3,m,h,20,UD,-0.4442690339986082
3,m,h,21,UD,-0.4464202882209612
3,m,h,22,UD,-0.44640652415812504
3,m,h,23,UD,-0.44409935573791065
3,m,h,24,UD,-0.43939745218265713
3,m,h,25,UD,-0.43223234186327986
3,m,h,26,UD,-0.4225741064056257
3,m,h,27,UD,-0.410436699761606
3,m,h,28,UD,-0.3958825802136658
3,m,h,29,UD,-0.3790263035336069
3,m,h,30,UD,-0.36003669898143736
3,m,h,31,UD,-0.33913724381685445
3,m,h,32,UD,-0.31660427448195083
3,m,h,33,UD,-0.29276273146794696
3,m,h,34,UD,-0.267979236684149
3,m,h,35,UD,-0.24265245062904853
3,m,h,36,UD,-0.21720085081614343
3,m,h,37,UD,-0.19204830505296192
3,m,h,38,UD,-0.16760806733447486
3,m,h,39,UD,-0.14426607524867363
3,m,h,40,UD,-0.12236464252574135
3,m,h,41,UD,-0.10218777982303077
3,m,h,42,UD,-0.08394940197766948
3,m,h,43,UD,-0.06778555918716819
3,m,h,44,UD,-0.05375154779379785
3,m,h,45,UD,-0.04182432351473021
3,m,h,46,UD,-0.03191009661364107
3,m,h,47,UD,-0.023856405336393268
3,m,h,48,UD,-0.017467433270330842
3,m,h,49,UD,-0.012520955296295162
3,m,h,50,UD,-0.008785144925344707
3,m,h,51,UD,-0.0060335921111169186
3,m,h,52,UD,-0.004057248483969227
3,m,h,53,UD,-0.002672562880552538
3,m,h,54,UD,-0.0017256795445780766
3,m,h,55,UD,-0.0010931184479883406
3,m,h,56,UD,-6.797375718208441e-4
3,m,h,57,UD,-4.1493060686091773e-4
3,m,h,58,UD,-2.479164545214275e-4
3,m,h,59,UD,-1.4255669976979277e-4
3,m,h,60,UD,-7.090635830176036e-5
3,m,h,61,UD,0
3,m,h,0,UU,-0.07842850168671871
3,m,h,1,UU,-0.07830178691074072
3,m,h,2,UU,-0.08200364714260222
3,m,h,3,UU,-0.08797347797907655
3,m,h,4,UU,-0.0954063746397337
3,m,h,5,UU,-0.1038769131045972
3,m,h,6,UU,-0.11315005730131966
3,m,h,7,UU,-0.12308455526951176
3,m,h,8,UU,-0.13358269025343694
3,m,h,9,UU,-0.14456359988724873
3,m,h,10,UU,-0.1559487735370176
3,m,h,11,UU,-0.16765397745926847
3,m,h,12,UU,-0.17958468537961145
3,m,h,13,UU,-0.19163352861249322
3,m,h,14,UU,-0.20367901862730772
3,m,h,15,UU,-0.21558517902075008
3,m,h,16,UU,-0.22720192469784883
3,m,h,17,UU,-0.23836613028694412
3,m,h,18,UU,-0.24890338143213572
3,m,h,19,UU,-0.2586304240305099
3,m,h,20,UU,-0.2673583290459692
3,m,h,21,UU,-0.2748963798586243
3,m,h,22,UU,-0.2810566679046231
3,m,h,23,UU,-0.28565935192611264
3,m,h,24,UU,-0.28853849725476816
3,m,h,25,UU,-0.289548364999952
3,m,h,26,UU,-0.28856996806404933
3,m,h,27,UU,-0.2855176536259268
3,m,h,28,UU,-0.2803454132858151
3,m,h,29,UU,-0.27305256696117586
3,m,h,30,UU,-0.2636884208485393
3,m,h,31,UU,-0.2523554707444479
3,m,h,32,UU,-0.23921071831361282
3,m,h,33,UU,-0.2244646985651472
3,m,h,34,UU,-0.20837789033344736
3,m,h,35,UU,-0.19125430433862006
3,m,h,36,UU,-0.17343221775853437
3,m,h,37,UU,-0.1552722463126959
3,m,h,38,UU,-0.13714320253111753
3,m,h,39,UU,-0.11940646044098503
3,m,h,40,UU,-0.10239980098297943
3,m,h,41,UU,-0.08642191005721638
3,m,h,42,UU,-0.07171880012429971
3,m,h,43,UU,-0.0584733888503638
3,m,h,44,UU,-0.04679926986001935
3,m,h,45,UU,-0.036739349616147325
3,m,h,46,UU,-0.02826952931386171
3,m,h,47,UU,-0.021307042133628742
3,m,h,48,UU,-0.015722501140931704
3,m,h,49,UU,-0.011354269890824723
3,m,h,50,UU,-0.008023524413490477
3,m,h,51,UU,-0.005548385699141911
3,m,h,52,UU,-0.0037557677481680546
3,m,h,53,UU,-0.002490051673491024
3,m,h,54,UU,-0.0016182590232535479
3,m,h,55,UU,-0.0010319355526371033
3,m,h,56,UU,-6.463611922929569e-4
3,m,h,57,UU,-3.979012444362815e-4
3,m,h,58,UU,-2.4026853591039516e-4
3,m,h,59,UU,-1.4008598794652802e-4
3,m,h,60,UU,-7.090635830176036e-5
3,m,h,61,UU,0
3,m,u,0,HD,-3.4182310847670365
3,m,u,1,HD,-3.411494548239992
3,m,u,2,HD,-3.400358123104305
3,m,u,3,HD,-3.385121831339856
3,m,u,4,HD,-3.365813673645601
3,m,u,5,HD,-3.342326195594263
3,m,u,6,HD,-3.3144851677959024
3,m,u,7,HD,-3.282085395661586
3,m,u,8,HD,-3.2449104986375943
3,m,u,9,HD,-3.202744880244201
3,m,u,10,HD,-3.1553819643682703
3,m,u,11,HD,-3.1026307499351287
3,m,u,12,HD,-3.044321733039742
3,m,u,13,HD,-2.9803127382907064
3,m,u,14,HD,-2.9104949361994974
3,m,u,15,HD,-2.8347991767049385
3,m,u,16,HD,-2.753202678395042
3,m,u,17,HD,-2.6657360471799225
3,m,u,18,HD,-2.5724905407783636
3,m,u,19,HD,-2.473625437931912
3,m,u,20,HD,-2.369375309586208
3,m,u,21,HD,-2.2600569219104902
3,m,u,22,HD,-2.146075428550275
3,m,u,23,HD,-2.027929434425114
3,m,u,24,HD,-1.9062144402035477
3,m,u,25,HD,-1.7816241120130922
3,m,u,26,HD,-1.6549487740038122
3,m,u,27,HD,-1.527070503398416
3,m,u,28,HD,-1.3989542318846608
3,m,u,29,HD,-1.2716343380045525
3,m,u,30,HD,-1.1461963666069457
3,m,u,31,HD,-1.0237537449830294
3,m,u,32,HD,-0.9054196870707399
3,m,u,33,HD,-0.7922748841276082
3,m,u,34,HD,-0.685332056661104
3,m,u,35,HD,-0.5854989559137522
3,m,u,36,HD,-0.49354190308059787
3,m,u,37,HD,-0.4100523720076623
3,m,u,38,HD,-0.33541937435006636
3,m,u,39,HD,-0.26981040939821643
3,m,u,40,HD,-0.21316341989914953
3,m,u,41,HD,-0.16519150716937858
3,m,u,42,HD,-0.12540111245582056
3,m,u,43,HD,-0.09312304448672146
3,m,u,44,HD,-0.06755427821862967
3,m,u,45,HD,-0.04780708391893709
3,m,u,46,HD,-0.032961018093935486
3,m,u,47,HD,-0.022112848145132907
3,m,u,48,HD,-0.014419739728207644
3,m,u,49,HD,-0.009132022571580285
3,m,u,50,HD,-0.005613417147788464
3,m,u,51,HD,-0.0033484558137422656
3,m,u,52,HD,-0.0019385930260410042
3,m,u,53,HD,-0.0010898152994534226
3,m,u,54,HD,-5.951997098841063e-4
3,m,u,55,HD,-3.157840012283735e-4
3,m,u,56,HD,-1.624448156640551e-4
3,m,u,57,HD,-8.050241803372647e-5
3,m,u,58,HD,-3.77752067795584e-5
3,m,u,59,HD,-1.6020375348734698e-5
3,m,u,60,HD,-5.221277499676725e-6
3,m,u,61,HD,0
3,m,u,0,HH,-1.772795003046846
3,m,u,1,HH,-1.7760788861435377
3,m,u,2,HH,-1.7766295619708283
3,m,u,3,HH,-1.7745727564073168
3,m,u,4,HH,-1.7698984686226331
3,m,u,5,HH,-1.762530751900486
3,m,u,6,HH,-1.752363179416887
3,m,u,7,HH,-1.7392776037525324
3,m,u,8,HH,-1.7231547103400788
3,m,u,9,HH,-1.7038805267273953
3,m,u,10,HH,-1.6813509536921105
3,m,u,11,HH,-1.655475357341483
3,m,u,12,HH,-1.6261797505621503
3,m,u,13,HH,-1.5934098333621747
3,m,u,14,HH,-1.5571340266764677
3,m,u,15,HH,-1.517346560023743
3,m,u,16,HH,-1.4740706284429625
3,m,u,17,HH,-1.427361602310131
3,m,u,18,HH,-1.3773102465987308
3,m,u,19,HH,-1.3240458795586032
3,m,u,20,HH,-1.2677393725099373
3,m,u,21,HH,-1.2086058617135425
3,m,u,22,HH,-1.146907010346385
3,m,u,23,HH,-1.0829526246824397
3,m,u,24,HH,-1.0171013958256414
3,m,u,25,HH,-0.9497605099858176
3,m,u,26,HH,-0.8813838506573406
3,m,u,27,HH,-0.8124685105616313
3,m,u,28,HH,-0.7435493461616873
3,m,u,29,HH,-0.675191349768139
3,m,u,30,HH,-0.6079796903620533
3,m,u,31,HH,-0.5425073896534027
3,m,u,32,HH,-0.4793607573201139
3,m,u,33,HH,-0.41910290720385496
3,m,u,34,HH,-0.362255906618634
3,m,u,35,HH,-0.3092823580911783
3,m,u,36,HH,-0.26056745210185245
3,m,u,37,HH,-0.21640272735831656
3,m,u,38,HH,-0.17697289195634994
3,m,u,39,HH,-0.14234705281315224
3,m,u,40,HH,-0.11247553590140227
3,m,u,41,HH,-0.08719313502713522
3,m,u,42,HH,-0.06622910639410419
3,m,u,43,HH,-0.049223567840808294
3,m,u,44,HH,-0.035749240246977135
3,m,u,45,HH,-0.025336790930369134
3,m,u,46,HH,-0.017501528112923357
3,m,u,47,HH,-0.011768966221405969
3,m,u,48,HH,-0.00769690919098549
3,m,u,49,HH,-0.0048921916624689
3,m,u,50,HH,-0.003021003675192879
3,m,u,51,HH,-0.0018126574583564243
3,m,u,52,HH,-0.0010575479731237322
3,m,u,53,HH,-6.007324804094858e-4
3,m,u,54,HH,-3.3288813362123836e-4
3,m,u,55,HH,-1.803730352341718e-4
3,m,u,56,HH,-9.57837818173273e-5
3,m,u,57,HH,-4.990515103541401e-5
3,m,u,58,HH,-2.543364465652331e-5
3,m,u,59,HH,-1.2437200720652606e-5
3,m,u,60,HH,-5.221277499676725e-6
3,m,u,61,HH,0
3,m,u,0,UD,-0.016579918279671646
3,m,u,1,UD,-0.01647894946031952
3,m,u,2,UD,-0.017204445458337967
3,m,u,3,UD,-0.018425591294463382
3,m,u,4,UD,-0.019977117112936177
3,m,u,5,UD,-0.021776780399947817
3,m,u,6,UD,-0.02378431618405232
3,m,u,7,UD,-0.025980646466367153
3,m,u,8,UD,-0.028357117938761056
3,m,u,9,UD,-0.03090976071146403
3,m,u,10,UD,-0.03363608321493492
3,m,u,11,UD,-0.03653315427690552
3,m,u,12,UD,-0.03959633783947894
3,m,u,13,UD,-0.042818356220541316
3,m,u,14,UD,-0.0461885177475594
3,m,u,15,UD,-0.04969202926361561
3,m,u,16,UD,-0.05330936080218026
3,m,u,17,UD,-0.057015657420383316
3,m,u,18,UD,-0.0607802112623791
3,m,u,19,UD,-0.0645660201631027
3,m,u,20,UD,-0.06832946978737996
3,m,u,21,UD,-0.07202018534638026
3,m,u,22,UD,-0.07558110643145796
3,m,u,23,UD,-0.07894884398132715
3,m,u,24,UD,-0.08205438095298341
3,m,u,25,UD,-0.08482417666039999
3,m,u,26,UD,-0.08718172748515554
3,m,u,27,UD,-0.08904962212746731
3,m,u,28,UD,-0.0903521061910828
3,m,u,29,UD,-0.09101813745128151
3,m,u,30,UD,-0.09098486911625492
3,m,u,31,UD,-0.09020144439752953
3,m,u,32,UD,-0.08863292407150966
3,m,u,33,UD,-0.08626410392886026
3,m,u,34,UD,-0.08310291807939045
3,m,u,35,UD,-0.07918307657645231
3,m,u,36,UD,-0.07456556340308303
3,m,u,37,UD,-0.06933863607958017
3,m,u,38,UD,-0.06361603243601097
3,m,u,39,UD,-0.05753321089175441
3,m,u,40,UD,-0.0512416279938664
3,m,u,41,UD,-0.0449012804708756
3,m,u,42,UD,-0.0386719853801667
3,m,u,43,UD,-0.032704105210302134
3,m,u,44,UD,-0.027129600275262705
3,m,u,45,UD,-0.02205436242134867
3,m,u,46,UD,-0.01755271589910529
3,m,u,47,UD,-0.013664749503538508
3,m,u,48,UD,-0.010396787342161052
3,m,u,49,UD,-0.007724867909101562
3,m,u,50,UD,-0.005600664880002828
3,m,u,51,UD,-0.003958940737673759
3,m,u,52,UD,-0.00272545341179026
3,m,u,53,UD,-0.0018242743054514283
3,m,u,54,UD,-0.0011837073318798931
3,m,u,55,UD,-7.403566715156819e-4
3,m,u,56,UD,-4.4128188423449006e-4
3,m,u,57,UD,-2.4451665594798285e-4
3,m,u,58,UD,-1.1847830892388199e-4
3,m,u,59,UD,-4.105902657659186e-5
3,m,u,60,UD,0
3,m,u,61,UD,0
3,m,u,0,UU,0.017863225806011743
3,m,u,1,UU,0.017896315218591665
3,m,u,2,UU,0.018824529622895114
3,m,u,3,UU,0.020302114875462667
3,m,u,4,UU,0.022154979709696977
3,m,u,5,UU,0.024295705678545877
3,m,u,6,UU,0.026680861186642472
3,m,u,7,UU,0.029289167948815045
3,m,u,8,UU,0.0321100808182318
3,m,u,9,UU,0.03513762885780483
3,m,u,10,UU,0.038366940846078834
3,m,u,11,UU,0.04179215096105032
3,m,u,12,UU,0.04540501838785099
3,m,u,13,UU,0.04919391949339869
3,m,u,14,UU,0.05314303976152401
3,m,u,15,UU,0.05723168234595569
3,m,u,16,UU,0.061433659630767946
3,m,u,17,UU,0.06571676318860142
3,m,u,18,UU,0.07004232597356429
3,m,u,19,UU,0.07436490352822779
3,m,u,20,UU,0.07863211087874344
3,m,u,21,UU,0.08278465966359545
3,m,u,22,UU,0.0867566460635334
3,m,u,23,UU,0.09047614388389541
3,m,u,24,UU,0.09386615788466122
3,m,u,25,UU,0.09684598903927899
3,m,u,26,UU,0.09933305448417962
3,m,u,27,UU,0.10124518904400004
3,m,u,28,UU,0.10250343100296497
3,m,u,29,UU,0.10303526119206191
3,m,u,30,UU,0.10277822110395371
3,m,u,31,UU,0.10168378337027117
3,m,u,32,UU,0.09972128886321645
3,m,u,33,UU,0.09688170328852891
3,m,u,34,UU,0.09318088917286613
3,m,u,35,UU,0.0886620457913629
3,m,u,36,UU,0.08339695099121855
3,m,u,37,UU,0.07748565707981338
3,m,u,38,UU,0.07105435895392462
3,m,u,39,UU,0.06425127368941762
3,m,u,40,UU,0.05724054712679599
3,m,u,41,UU,0.05019442462015107
3,m,u,42,UU,0.043284167711721
3,m,u,43,UU,0.03667043127818484
3,m,u,44,UU,0.030493992772756655
3,m,u,45,UU,0.024867800791764955
3,m,u,46,UU,0.019871247443716492
3,m,u,47,UU,0.015547352194946039
3,m,u,48,UU,0.011903189825704907
3,m,u,49,UU,0.00891345319865618
3,m,u,50,UU,0.0065265936027835494
3,m,u,51,UU,0.004672620875109959
3,m,u,52,UU,0.0032714532837318953
3,m,u,53,UU,0.002240726490052144
3,m,u,54,UU,0.0015021911349745215
3,m,u,55,UU,9.861858603303253e-4
3,m,u,56,UU,6.340682896794028e-4
3,m,u,57,UU,3.988147257214661e-4
3,m,u,58,UU,2.4416157198216645e-4
3,m,u,59,UU,1.4251589942771366e-4
3,m,u,60,UU,7.090635830176036e-5
3,m,u,61,UU,0
3,m,t,0,HD,-19.92860699528979
3,m,t,1,HD,-18.96926055038218
3,m,t,2,HD,-18.023591364773008
3,m,t,3,HD,-17.09626670371643
3,m,t,4,HD,-16.1900135421354
3,m,t,5,HD,-15.306589848869148
3,m,t,6,HD,-14.447241306681127
3,m,t,7,HD,-13.612917124339031
3,m,t,8,HD,-12.804371897027247
3,m,t,9,HD,-12.022213263054551
3,m,t,10,HD,-11.26692388246447
3,m,t,11,HD,-10.53887155759779
3,m,t,12,HD,-9.83831429144013
3,m,t,13,HD,-9.165403672556893
3,m,t,14,HD,-8.52018829169071
3,m,t,15,HD,-7.902618041012383
3,m,t,16,HD,-7.312549695760997
3,m,t,17,HD,-6.749753923344585
3,m,t,18,HD,-6.213923706142081
3,m,t,19,HD,-5.7046840515887585
3,m,t,20,HD,-5.221602772140285
3,m,t,21,HD,-4.764202036635158
3,m,t,22,HD,-4.331970318470652
3,m,t,23,HD,-3.924374293999018
3,m,t,24,HD,-3.5408701786273213
3,m,t,25,HD,-3.180913932653534
3,m,t,26,HD,-2.8439697305105742
3,m,t,27,HD,-2.5295160745210827
3,m,t,28,HD,-2.2370489579440473
3,m,t,29,HD,-1.9660815535353215
3,m,t,30,HD,-1.7161400344089852
3,m,t,31,HD,-1.4867553330294643
3,m,t,32,HD,-1.2774509165049988
3,m,t,33,HD,-1.0877269991737428
3,m,t,34,HD,-0.9170420129581495
3,m,t,35,HD,-0.7647925842564409
3,m,t,36,HD,-0.6302936795214774
3,m,t,37,HD,-0.5127609210838572
3,m,t,38,HD,-0.4112972699033211
3,m,t,39,HD,-0.32488624990295495
3,m,t,40,HD,-0.2523935874014709
3,m,t,41,HD,-0.19257852518410454
3,m,t,42,HD,-0.14411515674114955
3,m,t,43,HD,-0.10562298605658083
3,m,t,44,HD,-0.07570469184174988
3,m,t,45,HD,-0.05298795703407977
3,m,t,46,HD,-0.03616743435564961
3,m,t,47,HD,-0.02404265387946137
3,m,t,48,HD,-0.015548057795975897
3,m,t,49,HD,-0.009772363468218092
3,m,t,50,HD,-0.005965953019553578
3,m,t,51,HD,-0.0035366827307159563
3,m,t,52,HD,-0.002036051346068939
3,m,t,53,HD,-0.0011387460416066254
3,m,t,54,HD,-6.190042817683289e-4
3,m,t,55,HD,-3.2697433053934227e-4
3,m,t,56,HD,-1.674867266168452e-4
3,m,t,57,HD,-8.263336468395577e-5
3,m,t,58,HD,-3.857186959072843e-5
3,m,t,59,HD,-1.6235991564134013e-5
3,m,t,60,HD,-5.221277499676725e-6
3,m,t,61,HD,0
3,m,t,0,HH,6.010662329719663
3,m,t,1,HH,5.994802928399122
3,m,t,2,HH,5.962745956117968
3,m,t,3,HH,5.915036836766188
3,m,t,4,HH,5.851846104575691
3,m,t,5,HH,5.773214707883378
3,m,t,6,HH,5.679180831726596
3,m,t,7,HH,5.569848101771769
3,m,t,8,HH,5.445424005893282
3,m,t,9,HH,5.306242544419478
3,m,t,10,HH,5.15277794299258
3,m,t,11,HH,4.985652745942151
3,m,t,12,HH,4.805641868378963
3,m,t,13,HH,4.613673319140305
3,m,t,14,HH,4.410825876405217
3,m,t,15,HH,4.198323788470807
3,m,t,16,HH,3.9775284775799213
3,m,t,17,HH,3.749927192124159
3,m,t,18,HH,3.517118556193177
3,m,t,19,HH,3.2807949932074916
3,m,t,20,HH,3.0427220472873002
3,m,t,21,HH,2.804714690802651
3,m,t,22,HH,2.568610789734874
3,m,t,23,HH,2.3362420011456972
3,m,t,24,HH,2.1094024999433194
3,m,t,25,HH,1.8898160748160409
3,m,t,26,HH,1.6791022932260675
3,m,t,27,HH,1.478742607427344
3,m,t,28,HH,1.2900474486818558
3,m,t,29,HH,1.114125522059961
3,m,t,30,HH,0.9518566517887118
3,m,t,31,HH,0.8038696152206342
3,m,t,32,HH,0.6705264171947234
3,m,t,33,HH,0.5519143699503627
3,m,t,34,HH,0.44784713330816794
3,m,t,35,HH,0.35787551891213576
3,m,t,36,HH,0.2813083665773388
3,m,t,37,HH,0.21724317372127241
3,m,t,38,HH,0.16460543654318144
3,m,t,39,HH,0.12219490495077537
3,m,t,40,HH,0.08873624612864546
3,m,t,41,HH,0.06293105366406536
3,m,t,42,HH,0.04350783195999779
3,m,t,43,HH,0.029266614102323677
3,m,t,44,HH,0.019115281892729052
3,m,t,45,HH,0.012095438318078057
3,m,t,46,HH,0.007396755873878397
3,m,t,47,HH,0.004359944734265655
3,m,t,48,HH,0.0024696650894301874
3,m,t,49,HH,0.001339653982010263
3,m,t,50,HH,6.928933768338786e-4
3,m,t,51,HH,3.397368805382405e-4
3,m,t,52,HH,1.565621562642927e-4
3,m,t,53,HH,6.684338161785325e-5
3,m,t,54,HH,2.5720843242240832e-5
3,m,t,55,HH,8.367602086323699e-6
3,m,t,56,HH,1.8569935147421806e-6
3,m,t,57,HH,-1.1430726742271704e-7
3,m,t,58,HH,-4.0552694382099746e-7
3,m,t,59,HH,-2.120556158736015e-7
3,m,t,60,HH,0
3,m,t,61,HH,0
3,m,t,0,UD,-0.26137202801183296
3,m,t,1,UD,-0.25154555500813264
3,m,t,2,UD,-0.25415062718025444
3,m,t,3,UD,-0.2632623127038404
3,m,t,4,UD,-0.2759124107367048
3,m,t,5,UD,-0.290575768235473
3,m,t,6,UD,-0.30643777589375754
3,m,t,7,UD,-0.32303482274367795
3,m,t,8,UD,-0.3400753384722846
3,m,t,9,UD,-0.35734949680501293
3,m,t,10,UD,-0.37468306498663584
3,m,t,11,UD,-0.39191357359371676
3,m,t,12,UD,-0.408877984415695
3,m,t,13,UD,-0.4254064397184016
3,m,t,14,UD,-0.44131936514077164
3,m,t,15,UD,-0.4564265521918954
3,m,t,16,UD,-0.4705275353314768
3,m,t,17,UD,-0.483412932157025
3,m,t,18,UD,-0.49486659660319177
3,m,t,19,UD,-0.5046685259456
3,m,t,20,UD,-0.5125985037859881
3,m,t,21,UD,-0.5184404735673415
3,m,t,22,UD,-0.521987630589583
3,m,t,23,UD,-0.5230481997192378
3,m,t,24,UD,-0.5214518331356406
3,m,t,25,UD,-0.5170565185236798
3,m,t,26,UD,-0.5097558338907813
3,m,t,27,UD,-0.4994863218890733
3,m,t,28,UD,-0.4862346864047486
3,m,t,29,UD,-0.4700444409848884
3,m,t,30,UD,-0.4510215680976923
3,m,t,31,UD,-0.429338688214384
3,m,t,32,UD,-0.4052371985534605
3,m,t,33,UD,-0.3790268353968072
3,m,t,34,UD,-0.3510821547635395
3,m,t,35,UD,-0.32183552720550085
3,m,t,36,UD,-0.29176641421922644
3,m,t,37,UD,-0.26138694113254207
3,m,t,38,UD,-0.23122409977048583
3,m,t,39,UD,-0.20179928614042802
3,m,t,40,UD,-0.17360627051960775
3,m,t,41,UD,-0.14708906029390637
3,m,t,42,UD,-0.12262138735783618
3,m,t,43,UD,-0.10048966439747033
3,m,t,44,UD,-0.08088114806906056
3,m,t,45,UD,-0.06387868593607889
3,m,t,46,UD,-0.04946281251274636
3,m,t,47,UD,-0.03752115483993178
3,m,t,48,UD,-0.027864220612491893
3,m,t,49,UD,-0.020245823205396724
3,m,t,50,UD,-0.014385809805347536
3,m,t,51,UD,-0.009992532848790677
3,m,t,52,UD,-0.006782701895759486
3,m,t,53,UD,-0.004496837186003966
3,m,t,54,UD,-0.0029093868764579695
3,m,t,55,UD,-0.0018334751195040226
3,m,t,56,UD,-0.0011210194560553341
3,m,t,57,UD,-6.594472628089006e-4
3,m,t,58,UD,-3.663947634453095e-4
3,m,t,59,UD,-1.836157263463846e-4
3,m,t,60,UD,-7.090635830176036e-5
3,m,t,61,UD,0
3,m,t,0,UU,-0.06056527588070696
3,m,t,1,UU,-0.06040547169214905
3,m,t,2,UU,-0.0631791175197071
3,m,t,3,UU,-0.06767136310361388
3,m,t,4,UU,-0.07325139493003673
3,m,t,5,UU,-0.07958120742605132
3,m,t,6,UU,-0.0864691961146772
3,m,t,7,UU,-0.09379538732069671
3,m,t,8,UU,-0.10147260943520514
3,m,t,9,UU,-0.10942597102944389
3,m,t,10,UU,-0.11758183269093876
3,m,t,11,UU,-0.12586182649821814
3,m,t,12,UU,-0.13417966699176045
3,m,t,13,UU,-0.14243960911909453
3,m,t,14,UU,-0.1505359788657837
3,m,t,15,UU,-0.1583534966747944
3,m,t,16,UU,-0.16576826506708087
3,m,t,17,UU,-0.1726493670983427
3,m,t,18,UU,-0.17886105545857145
3,m,t,19,UU,-0.1842655205022821
3,m,t,20,UU,-0.18872621816722573
3,m,t,21,UU,-0.19211172019502887
3,m,t,22,UU,-0.19430002184108966
3,m,t,23,UU,-0.19518320804221725
3,m,t,24,UU,-0.19467233937010694
3,m,t,25,UU,-0.19270237596067302
3,m,t,26,UU,-0.1892369135798697
3,m,t,27,UU,-0.18427246458192675
3,m,t,28,UU,-0.17784198228285011
3,m,t,29,UU,-0.17001730576911392
3,m,t,30,UU,-0.1609101997445856
3,m,t,31,UU,-0.15067168737417677
3,m,t,32,UU,-0.13948942945039636
3,m,t,33,UU,-0.1275829952766183
3,m,t,34,UU,-0.11519700116058125
3,m,t,35,UU,-0.10259225854725716
3,m,t,36,UU,-0.09003526676731581
3,m,t,37,UU,-0.07778658923288254
3,m,t,38,UU,-0.06608884357719293
3,m,t,39,UU,-0.05515518675156741
3,m,t,40,UU,-0.04515925385618343
3,m,t,41,UU,-0.03622748543706531
3,m,t,42,UU,-0.028434632412578712
3,m,t,43,UU,-0.02180295757217896
3,m,t,44,UU,-0.0163052770872627
3,m,t,45,UU,-0.01187154882438237
3,m,t,46,UU,-0.008398281870145215
3,m,t,47,UU,-0.005759689938682704
3,m,t,48,UU,-0.003819311315226797
3,m,t,49,UU,-0.0024408166921685427
3,m,t,50,UU,-0.0014969308107069268
3,m,t,51,UU,-8.75764824031953e-4
3,m,t,52,UU,-4.8431446443615936e-4
3,m,t,53,UU,-2.493251834388797e-4
3,m,t,54,UU,-1.1606788827902637e-4
3,m,t,55,UU,-4.574969230677791e-5
3,m,t,56,UU,-1.2292902613554096e-5
3,m,t,57,UU,9.134812851845964e-7
3,m,t,58,UU,3.893036071771282e-6
3,m,t,59,UU,2.42991148118564e-6
3,m,t,60,UU,0
3,m,t,61,UU,0
