case,expectancy,age,transition,s,delta,cc
1,h,50,init,6.607474671710808,0.003810017826877843,0.025174596289862
1,u,50,init,-2.08023805680751,0.003810017826877843,-0.007925744080586335
1,t,50,init,4.527236614903298,0.003810017826877843,0.017248852209275665
1,h,50,HH,25.05346222548869,-0.0014766935920338398,-0.03699628712664101
1,h,51,HH,24.082896486814438,-0.001196467809835955,-0.028814410414084883
1,h,52,HH,23.11324515245824,-8.861482698333534e-4,-0.020481762202085012
1,h,53,HH,22.14861628578823,-5.440570935552058e-4,-0.012050111802715441
1,h,54,HH,21.1914969941699,-1.6854967336155102e-4,-0.003571819896409627
1,h,55,HH,20.24353758320704,2.4195796752524146e-4,0.004898085209153614
1,h,56,HH,19.3059606421453,6.889564524635849e-4,0.013300966155414021
1,h,57,HH,18.37977738086932,0.0011738041880462458,0.021574259665022067
1,h,58,HH,17.46590354828803,0.00169768149583982,0.029651541262051644
1,h,59,HH,16.56522228703678,0.0022615367855192137,0.03746285956243639
1,h,60,HH,15.67861850108741,0.0028660237243770537,0.04493529258957352
1,h,61,HH,14.806997626054216,0.003511428267565786,0.05199371002190626
1,h,62,HH,13.951295619176975,0.004197584327423121,0.05856173983830411
1,h,63,HH,13.112483789954826,0.004923776783840039,0.06456294326345842
1,h,64,HH,12.291570388106685,0.005688630477690304,0.06992220192845933
1,h,65,HH,11.489599943560881,0.006489983795203269,0.07456731744707851
1,h,66,HH,10.707650846065638,0.007324745454369785,0.07843081686169807
1,h,67,HH,9.946831367470743,0.008188733160724548,0.08145194786294278
1,h,68,HH,9.20827416635516,0.009076492928373203,0.08357883535344426
1,h,69,HH,8.493129218881634,0.009981098087761153,0.08477075580568785
1,h,70,HH,7.802555063545983,0.010893927354900579,0.08500046804488161
1,h,71,HH,7.137708216862674,0.011804421855337144,0.08425651887215327
1,h,72,HH,6.499730605915266,0.012699821725806193,0.08254541996089014
1,h,73,HH,5.8897348707159924,0.013564883912087655,0.07989356979423703
1,h,74,HH,5.308787416003324,0.014381584107420409,0.07634877273166686
1,h,75,HH,4.757889141879,0.015128807506348374,0.07198118896403244
1,h,76,HH,4.237953860106887,0.015782035267491,0.06688353728220651
1,h,77,HH,3.7497845129689416,0.016313036375951828,0.06117037116204315
1,h,78,HH,3.2940474589257387,0.016689578065685717,0.054976262217814785
1,h,79,HH,2.871245277139106,0.016875172193541843,0.04845275846161618
1,h,80,HH,2.481688771515149,0.016828880024521764,0.04176404259403125
1,h,81,HH,2.12546912005033,0.016505203834151994,0.03508130106962637
1,h,82,HH,1.8024314060014133,0.015854100545165672,0.028575928736510735
1,h,83,HH,1.5121510640544433,0.014821160187909244,0.022411833148668316
1,h,84,HH,1.25391504688244,0.013348000068929555,0.016737258132218616
1,h,85,HH,1.0267097232470297,0.011372933719299372,0.01167670163144867
1,h,86,HH,0.8292176051786828,0.008831981279861956,0.007323634365870089
1,h,87,HH,0.6598249083755893,0.005660293926271209,0.0037348029212808053
1,h,88,HH,0.5166416162219492,0.0017940677711363318,9.268900728915845e-4
1,h,89,HH,0.3975350947565632,-0.002826979581434186,-0.0011238235957803085
1,h,90,HH,0.30017737222080254,-0.008256506566128752,-0.0024784164447443306
1,h,91,HH,0.22210497759745207,-0.014537776689813042,-0.0032289125660076865
1,h,92,HH,0.16078881685523627,-0.021699211504847993,-0.0034889905445560396
1,h,93,HH,0.11371011643970402,-0.029749313052117143,-0.003382797851157447
1,h,94,HH,0.07843721256050445,-0.03867107584153895,-0.003033251395726179
1,h,95,HH,0.05269718425756014,-0.04841610656153261,-0.0025513924885067507
1,h,96,HH,0.03443627678094905,-0.05889879107092055,-0.0020282550713815106
1,h,97,HH,0.021863909906989373,-0.06999098833315343,-0.0015302766632172109
1,h,98,HH,0.013476817723000691,-0.08151787921443054,-0.0010986015993384671
1,h,99,HH,0.008062308099877333,-0.0932557358630301,-7.518564746085287e-4
1,h,100,HH,0.004682334661192228,-0.10493247671112116,-4.913289727892289e-4
1,h,101,HH,0.0026424852602897867,-0.11623189572876602,-3.071410712388036e-4
1,h,102,HH,0.0014515755262226881,-0.1268023586677698,-1.8406320050944598e-4
1,h,103,HH,7.77958659224276e-4,-0.13627050009695219,-1.0601281554724649e-4
1,h,104,HH,4.079108561288283e-4,-0.1442600010494157,-5.884522053321282e-5
1,h,105,HH,2.0984513666493453e-4,-0.15041487341510656,-3.1563829668231865e-5
1,h,106,HH,1.0617350124563712e-4,-0.15442586427789007,-1.639593469326715e-5
1,h,107,HH,5.2911772175879304e-5,-0.15605772138982058,-8.257290600465033e-6
1,h,108,HH,2.5953843239736514e-5,-0.15517429329923904,-4.027369283125346e-6
1,h,109,HH,1.241174903675645e-5,-0.15175798446944977,-1.8835820175587935e-6
1,h,110,HH,5.341682384694766e-6,-0.14592016140626338,-7.79459155755654e-7
1,h,50,HU,18.401526107753032,-0.0023975583854075797,-0.044118733223939784
1,h,51,HU,17.39091229895308,-0.0025464802532163596,-0.04428561475470154
1,h,52,HU,16.39580382159998,-0.0026986491692760697,-0.044246522362774196
1,h,53,HU,15.4203974207895,-0.0028530082062204103,-0.043994520384692495
1,h,54,HU,14.467571931475959,-0.00300824018584606,-0.04352193127588448
1,h,55,HU,13.539499096576238,-0.0031627255065065,-0.04282171913806338
1,h,56,HU,12.637950962766759,-0.0033144943080621993,-0.04188841653165962
1,h,57,HU,11.764452863912068,-0.0034611723457061505,-0.040718798914935975
1,h,58,HU,10.920356948931461,-0.0035999199002767993,-0.0393124102985844
1,h,59,HU,10.106874516474457,-0.003727363013389319,-0.03767199025367395
1,h,60,HU,9.325086998045617,-0.0038395163039031694,-0.03580382356431161
1,h,61,HU,8.575946063387097,-0.00393169660191048,-0.0337180179955866
1,h,62,HU,7.860268493166448,-0.00399842663279331,-0.03142870688398287
1,h,63,HU,7.1787289367961575,-0.0040333280036738695,-0.028954168451563886
1,h,64,HU,6.531852325175834,-0.00402900279634681,-0.026316851283457846
1,h,65,HU,5.920006970179745,-0.003976903165372071,-0.02354329445873255
1,h,66,HU,5.343398963514776,-0.0038671884910216996,-0.02066393097464162
1,h,67,HU,4.802068236995889,-0.0036885698611159173,-0.017712764170005085
1,h,68,HU,4.295886486672343,-0.00342814197429462,-0.014726908781766503
1,h,69,HU,3.8245570545141163,-0.0030712029953933184,-0.0117459910818764
1,h,70,HU,3.387616783066543,-0.0026010634820811014,-0.008811406305719442
1,h,71,HU,2.9844398003612387,-0.0019988462775051598,-0.005965436385390304
1,h,72,HU,2.6142431494522365,-0.0012432802696569004,-0.003250236927799681
1,h,73,HU,2.2760941468362916,-3.104922047004119e-4,-7.067094897569032e-4
1,h,74,HU,1.9689193354447319,8.261976344240765e-4,0.0016267164973162622
1,h,75,HU,1.6915148898847745,0.00219646804815795,0.00371535840861532
1,h,76,HU,1.4425583330004825,0.003833167510777502,0.005529567734458803
1,h,77,HU,1.220621431986518,0.005772449374235655,0.007045975421249206
1,h,78,HU,1.0241841569511514,0.008053854700854124,0.00824863038700135
1,h,79,HU,0.8516496019920202,0.010720321463940814,0.009129957507991705
1,h,80,HU,0.7013597847897031,0.01381809390749257,0.009691455369162896
1,h,81,HU,0.5716122510656827,0.01739650025947663,0.009944052673984169
1,h,82,HU,0.46067741018682806,0.021507560842000173,0.009908047428128276
1,h,83,HU,0.36681651287151457,0.026205382116289172,0.009612566886362745
1,h,84,HU,0.28830014704456336,0.03154528569194007,0.009094510503549083
1,h,85,HU,0.223427070442107,0.03758261537585082,0.008396973652978834
1,h,86,HU,0.1705431180327681,0.04437116076594512,0.007567196107757507
1,h,87,HU,0.12805982174209665,0.05196113388191173,0.0066541335424348345
1,h,88,HU,0.09447226713069734,0.06039663745922784,0.005705807267844054
1,h,89,HU,0.0683755999182285,0.06971257187628377,0.004766638923883527
1,h,90,HU,0.048479503475696274,0.07993094479293653,0.0038750125159048533
1,h,91,HU,0.03361991986039125,0.09105657644853726,0.003061314802961412
1,h,92,HU,0.022767306222188855,0.10307223746331712,0.002346677193333507
1,h,93,HU,0.015030826528865652,0.1159333180876436,0.0017425735930911735
1,h,94,HU,0.009658086714994539,0.12956221063212825,0.0012513230652714822
1,h,95,HU,0.00603032415608865,0.14384269114191064,8.674180550698626e-4
1,h,96,HU,0.003653332896633415,0.1586147101754294,5.794723385738711e-4
1,h,97,HU,0.0021447952793574765,0.17367013916550803,3.724868946475376e-4
1,h,98,HU,0.0012190333409788268,0.18875015522994062,2.300927323402267e-4
1,h,99,HU,6.70421431432904e-4,0.2035450623390848,1.364609720544689e-4
1,h,100,HU,3.567622132173754e-4,0.21769741035991722,7.766620993169525e-5
1,h,101,HU,1.8380207391467676e-4,0.23080924745998693,4.2423218361831435e-5
1,h,102,HU,9.177330995483834e-5,0.24245418298398486,2.2250822884836333e-5
1,h,103,HU,4.446385537695697e-5,0.2521946077109106,1.1213544564106329e-5
1,h,104,HU,2.0917664247027624e-5,0.25960389228441066,5.430307056026828e-6
1,h,105,HU,9.541948354691029e-6,0.264292670047147,2.5218670081132734e-6
1,h,106,HU,4.193137837634309e-6,0.26593746363155973,1.115112441197991e-6
1,h,107,HU,1.7414526803808167e-6,0.2643090527192395,4.6028170830683424e-7
1,h,108,HU,6.474976108550992e-7,0.259297281412563,1.6789437021585684e-7
1,h,109,HU,1.7806856393429723e-7,0.2509286847044793,4.468251053524869e-8
1,h,110,HU,0,0.23937358241132384,0
1,h,50,UH,0.2099616628257536,-0.022470482755785504,-0.004717939923902147
1,h,51,UH,0.20182779316176636,-0.02160691990325092,-0.00436087696109618
1,h,52,UH,0.20367050912066997,-0.020755565796054642,-0.004227296652770013
1,h,53,UH,0.21130823974028454,-0.019917807667153176,-0.004208796877631681
1,h,54,UH,0.22247322823556143,-0.019094919984545267,-0.0042481084918615224
1,h,55,UH,0.23591133578199006,-0.018288070135689505,-0.004314363054585231
1,h,56,UH,0.250909294734194,-0.017498324573812396,-0.004390492277845284
1,h,57,UH,0.26704288367993284,-0.016726655369043275,-0.004466734284069748
1,h,58,UH,0.28404080219445577,-0.015973947111404097,-0.004537252751735029
1,h,59,UH,0.30170992788280576,-0.015241004116412465,-0.004598362252824351
1,h,60,UH,0.31989356555343296,-0.014528557887205473,-0.0046475921848876094
1,h,61,UH,0.3384476786153761,-0.01383727478958352,-0.004683193530897609
1,h,62,UH,0.35722708727239805,-0.013167763897962176,-0.004703881943159667
1,h,63,UH,0.3760773211894439,-0.0125205849707698,-0.004708708055531918
1,h,64,UH,0.39482980002679036,-0.011896256513113934,-0.004696996580140177
1,h,65,UH,0.4132990940358182,-0.011295263882302009,-0.00466832232945092
1,h,66,UH,0.43128161095014955,-0.010718067387802621,-0.004622505369283776
1,h,67,UH,0.4485553869328479,-0.010165110331135513,-0.00455961499779758
1,h,68,UH,0.4648808464055255,-0.0096368269226568,-0.004479976256468249
1,h,69,UH,0.4800025012526549,-0.009133650000835714,-0.004384174845967456
1,h,70,UH,0.493651617822847,-0.008656018465011461,-0.004273057519157345
1,h,71,UH,0.5055499080380835,-0.008204384314242058,-0.004147725735574167
1,h,72,UH,0.5154143076643469,-0.0077792191622483575,-0.004009520858679458
1,h,73,UH,0.5229628943419153,-0.007381020071069333,-0.0038599996195621883
1,h,74,UH,0.5279219714741109,-0.007010314513372418,-0.003700899058553139
1,h,75,UH,0.5300343011555778,-0.006667664234946302,-0.003534090753109804
1,h,76,UH,0.529068408932338,-0.0063536677443995215,-0.0033615248844141715
1,h,77,UH,0.5248288042835799,-0.006068961106356852,-0.0031851656006928186
1,h,78,UH,0.5171668629522364,-0.005814216657657634,-0.003006920189365435
1,h,79,UH,0.5059920017448603,-0.005590139203896616,-0.0028285657258120683
1,h,80,UH,0.4912826466438316,-0.005397459187470838,-0.002651678034772738
1,h,81,UH,0.4730963578518848,-0.005236922250467346,-0.0024775688430495975
1,h,82,UH,0.4515783419128748,-0.005109274549918913,-0.0023072377296300324
1,h,83,UH,0.4269674677319286,-0.005015243124625632,-0.0021413456569813714
1,h,84,UH,0.39959883215933184,-0.004955510569571497,-0.0019802162363539958
1,h,85,UH,0.3699019188987671,-0.004930683256446244,-0.0018238691980414876
1,h,86,UH,0.3383934920930467,-0.004941252360801521,-0.0016720876416846378
1,h,87,UH,0.3056645924995433,-0.004987547035633436,-0.0015245165322191993
1,h,88,UH,0.27236138208797894,-0.005069679229661478,-0.0013807848417333205
1,h,89,UH,0.23916011882589455,-0.005187479912365345,-0.0012406383122482369
1,h,90,UH,0.20673721805364148,-0.00534042686654615,-0.0011040649936086765
1,h,91,UH,0.17573611515811427,-0.005527564774236493,-9.713927597091602e-4
1,h,92,UH,0.14673338955076218,-0.005747419083312791,-8.433382832632202e-4
1,h,93,UH,0.12020720638240039,-0.005997906123902323,-7.209915392981897e-4
1,h,94,UH,0.09651142052657394,-0.006276243155337563,-6.057291424918148e-4
1,h,95,UH,0.07585851560365311,-0.006578863451240639,-4.990628157702413e-4
1,h,96,UH,0.058313821249606476,-0.006901343119724845,-4.024436890658361e-4
1,h,97,UH,0.04380217068309439,-0.007238348001798976,-3.1705535463843397e-4
1,h,98,UH,0.03212647652621464,-0.007583610519063609,-2.4363468532465147e-4
1,h,99,UH,0.02299591064055216,-0.007929947495853788,-1.823563639989241e-4
1,h,100,UH,0.016059865871761416,-0.008269330421384814,-1.3280433741671643e-4
1,h,101,UH,0.010943041373218105,-0.008593018934874838,-9.403376172518193e-5
1,h,102,UH,0.007277079228816026,-0.00889176607279284,-6.470608619581183e-5
1,h,103,UH,0.004725192442734495,-0.009156099620370388,-4.326433273109834e-5
1,h,104,UH,0.0029978895602983534,-0.009376677527114137,-2.8110243668819653e-5
1,h,105,UH,0.001859748120072489,-0.009544706850407612,-1.7750750621688566e-5
1,h,106,UH,0.0011287172495043703,-0.00965240561135285,-1.0894836712746739e-5
1,h,107,UH,6.702872774450541e-4,-0.00969347638465877,-6.497413894850853e-6
1,h,108,UH,3.8892765233335027e-4,-0.009663551091518702,-3.7584222392277534e-6
1,h,109,UH,2.1838614265939728e-4,-0.00956056045279471,-2.0878939189478177e-6
1,h,110,UH,1.0956994516791643e-4,-0.00938498109698125,-1.0283118641981678e-6
1,h,50,UU,0.1542148141179709,0.09838074589513268,0.015171768441005214
1,h,51,UU,0.1457453198077422,0.0987862580811758,0.014397634776651125
1,h,52,UU,0.1444774063426024,0.099169236002976,0.014327714006687399
1,h,53,UU,0.14711786023280643,0.09952775938406688,0.01464231099434954
1,h,54,UU,0.15188391047650632,0.09985967490014991,0.015167077922747393
1,h,55,UU,0.15778474017021712,0.10016259872983924,0.015804129615361404
1,h,56,UU,0.1642487220258195,0.10043391964400994,0.01649614294957248
1,h,57,UU,0.17092771868747914,0.10067080260524652,0.017207430627752318
1,h,58,UU,0.1775932713385633,0.10087019285525789,0.017913867529717024
1,h,59,UU,0.1840811024837475,0.10102882047423034,0.018597496655528924
1,h,60,UU,0.19026136318667863,0.10114320540180044,0.01924364413681679
1,h,61,UU,0.19602279343766596,0.10120966291443945,0.019839400847372964
1,h,62,UU,0.20126452020221022,0.10122430955843109,0.020372862096077637
1,h,63,UU,0.2058921247371658,0.10118306954111111,0.02083279717524777
1,h,64,UU,0.20981614764612255,0.10108168158536857,0.021208569027834037
1,h,65,UU,0.21295202004245947,0.1009157062534124,0.02149020350067563
1,h,66,UU,0.21522084965823934,0.10068053374518637,0.021668550016684048
1,h,67,UU,0.2165507282216389,0.10037139217429536,0.021735498067963367
1,h,68,UU,0.21687835417445928,0.09998335631952249,0.02168422576341656
1,h,69,UU,0.21615083263645415,0.09951135684268608,0.021509462638329906
1,h,70,UU,0.21432754936107123,0.09895018995319271,0.021207751721480286
1,h,71,UU,0.21138203198799219,0.09829452748588419,0.02077769695326575
1,h,72,UU,0.20730371835948547,0.09753892734113545,0.02022018232261306
1,h,73,UU,0.20209955268826857,0.09667784421422132,0.019538549070560244
1,h,74,UU,0.19579532872386318,0.09570564051438901,0.018738717345242673
1,h,75,UU,0.18843669657260195,0.0946165973424532,0.01782923904415191
1,h,76,UU,0.18008974784199322,0.09340492535901768,0.016821269455105693
1,h,77,UU,0.17084109351264512,0.09206477533362167,0.015728446891991925
1,h,78,UU,0.16079735162909467,0.09059024811874528,0.014566671980916816
1,h,79,UU,0.15008396890652625,0.08897540374263568,0.013353781728755353
1,h,80,UU,0.13884331318091314,0.08721426926310838,0.012109118101142244
1,h,81,UU,0.127231993883914,0.08530084497361556,0.010852996585975752
1,h,82,UU,0.1154173969429392,0.08322910850706289,0.009606087053766636
1,h,83,UU,0.10357345991813427,0.08099301634804679,0.008388726932373218
1,h,84,UU,0.09187576331969169,0.07858650224833486,0.007220194880690432
1,h,85,UU,0.08049607422543174,0.07600347205448721,0.006117981127888529
1,h,86,UU,0.06959654607322203,0.073237794514182,0.005097097540207435
1,h,87,UU,0.05932384899613509,0.0702832877466657,0.0041694751492351075
1,h,88,UU,0.04980357067024894,0.06713370126373497,0.003343498035243805
1,h,89,UU,0.04113527790860628,0.06378269373511336,0.0026237188325534087
1,h,90,UU,0.03338865153971364,0.06022380713279807,0.0020107917107519157
1,h,91,UU,0.026601088242607974,0.05645043848992093,0.0015016430956043003
1,h,92,UU,0.020777091829276274,0.052455811294701005,0.0010898792082491902
1,h,93,UU,0.015889647493338856,0.04823294952434509,7.664045655058495e-4
1,h,94,UU,0.011883589918674695,0.04377465850586981,5.20200090513782e-4
1,h,95,UU,0.008680756771631671,0.03907351814225313,3.391877072048368e-4
1,h,96,UU,0.006186493471833361,0.03412189549447553,2.1109488372315303e-4
1,h,97,UU,0.004296884194380931,0.028911985139773222,1.242314519752679e-4
1,h,98,UU,0.002905971336748878,0.023435886942176576,6.810401570525244e-5
1,h,99,UU,0.0019122255237277144,0.01768573160434117,3.381910737961909e-5
1,h,100,UU,0.0012236530933747742,0.011653864274713821,1.4260287069523337e-5
1,h,101,UU,7.611598556697441e-4,0.0053330951602375,4.0593379424393865e-6
1,h,102,UU,4.6008053702167114e-4,-0.0012829768682949272,-5.902726865515119e-7
1,h,103,UU,2.700661158673051e-4,-0.008199566631600153,-2.2144251119914153e-6
1,h,104,UU,1.5373174390873585e-4,-0.015420236978398894,-2.3705799221752376e-6
1,h,105,UU,8.456531705473995e-5,-0.022946380133169297,-1.9404679112200478e-6
1,h,106,UU,4.457672537272367e-5,-0.030776671377284792,-1.3719232278717894e-6
1,h,107,UU,2.2060753740241766e-5,-0.038906530725696054,-8.583073932267304e-7
1,h,108,UU,9.702983999524365e-6,-0.047327636854249455,-4.5921930313208215e-7
1,h,109,UU,3.133136731281502e-6,-0.05602754221036976,-1.755419504627343e-7
1,h,110,UU,0,-0.06498943686381842,-0
1,u,50,HH,2.130514820948996,-0.0014766935920338398,-0.003146117583828506
1,u,51,HH,2.122223229953573,-0.001196467809835955,-0.0025391717799255376
1,u,52,HH,2.1122038707573507,-8.861482698333534e-4,-0.0018717258056069382
1,u,53,HH,2.1006130944886987,-5.440570935552058e-4,-0.0011428534548715283
1,u,54,HH,2.0874795593491204,-1.6854967336155102e-4,-3.518439978772087e-4
1,u,55,HH,2.0727590164627943,2.4195796752524146e-4,5.015205587929562e-4
1,u,56,HH,2.056363760999077,6.889564524635849e-4,0.0014167450817525991
1,u,57,HH,2.038178843605136,0.0011738041880462458,0.0023924228626109626
1,u,58,HH,2.018071334076076,0.00169768149583982,0.003426042361145734
1,u,59,HH,1.9958959649408161,0.0022615367855192137,0.004513792144783022
1,u,60,HH,1.971498948595214,0.0028660237243770537,0.0056503627592583
1,u,61,HH,1.9447209578067528,0.003511428267565786,0.006828748143770242
1,u,62,HH,1.9153998331215119,0.004197584327423121,0.008040052320259719
1,u,63,HH,1.8833733516605438,0.004923776783840039,0.009273309984209187
1,u,64,HH,1.8484822665053624,0.005688630477690304,0.010515332558712455
1,u,65,HH,1.8105737550248295,0.006489983795203269,0.011750594330131477
1,u,66,HH,1.7695053714991469,0.007324745454369785,0.012961176426371294
1,u,67,HH,1.7251495694457222,0.008188733160724548,0.014126789486529862
1,u,68,HH,1.677398833478507,0.009076492928373203,0.01522489865012913
1,u,69,HH,1.6261714338701563,0.009981098087761153,0.01623097658897323
1,u,70,HH,1.571417785448902,0.010893927354900579,0.01711891119887908
1,u,71,HH,1.5131273531911946,0.011804421855337144,0.017861593597918585
1,u,72,HH,1.4513359976242337,0.012699821725806193,0.01843170843407285
1,u,73,HH,1.3861335922752787,0.013564883912087655,0.018802741265859197
1,u,74,HH,1.3176716720167443,0.014381584107420409,0.018950205977074086
1,u,75,HH,1.246170785518333,0.015128807506348374,0.018853077934141805
1,u,76,HH,1.1719271290672513,0.015782035267491,0.01849539528186884
1,u,77,HH,1.0953179370483928,0.016313036375951828,0.017867961350302945
1,u,78,HH,1.0168050038146168,0.016689578065685717,0.016970046488743912
1,u,79,HH,0.9369356238559008,0.016875172193541843,0.015810949986831878
1,u,80,HH,0.8563401779371307,0.016828880024521764,0.014411246114681591
1,u,81,HH,0.7757255827301333,0.016505203834151994,0.012803508862327185
1,u,82,HH,0.6958638849510345,0.015854100545165672,0.011032295997763298
1,u,83,HH,0.6175754447619105,0.014821160187909244,0.009153184594935573
1,u,84,HH,0.5417064422441166,0.013348000068929555,0.007230697628414052
1,u,85,HH,0.4691008726920844,0.011372933719299372,0.005335053132792569
1,u,86,HH,0.40056777339212435,0.008831981279861956,0.003537807075915228
1,u,87,HH,0.3368451233332262,0.005660293926271209,0.0019066424056971365
1,u,88,HH,0.2785626199955115,0.0017940677711363318,4.997602187772443e-4
1,u,89,HH,0.2262062645260521,-0.002826979581434186,-6.394804910076495e-4
1,u,90,HH,0.18008823793329196,-0.008256506566128752,-0.001486899718978782
1,u,91,HH,0.14032575819001322,-0.014537776689813042,-0.002040024536395116
1,u,92,HH,0.10683230455017911,-0.021699211504847993,-0.002318176771984671
1,u,93,HH,0.07932366193829868,-0.029749313052117143,-0.002359824451442757
1,u,94,HH,0.05733966077599217,-0.03867107584153895,-0.0022173863705965092
1,u,95,HH,0.04028040909026781,-0.04841610656153261,-0.0019502205788565331
1,u,96,HH,0.02745355809495065,-0.05889879107092055,-0.001616981382387878
1,u,97,HH,0.01812718311599926,-0.06999098833315343,-0.00126873946198484
1,u,98,HH,0.011581719828063925,-0.08151787921443054,-9.441172380394903e-4
1,u,99,HH,0.007154478325088653,-0.0932557358630301,-6.671961409222414e-4
1,u,100,HH,0.004271684130452074,-0.10493247671112116,-4.482383955359281e-4
1,u,101,HH,0.002465490300194138,-0.11623189572876602,-2.865686114924491e-4
1,u,102,HH,0.0013763304986701456,-0.1268023586677698,-1.7452195353776225e-4
1,u,103,HH,7.435363399903273e-4,-0.13627050009695219,-1.0132206889073936e-4
1,u,104,HH,3.886530505568313e-4,-0.1442600010494157,-5.60670894811871e-5
1,u,105,HH,1.9607917566005033e-4,-0.15041487341510656,-2.9493224386244913e-5
1,u,106,HH,9.473117927200154e-5,-0.15442586427789007,-1.4628944233142583e-5
1,u,107,HH,4.293444705019785e-5,-0.15605772138982058,-6.70025197578578e-6
1,u,108,HH,1.727172643132978e-5,-0.15517429329923904,-2.6801279430393864e-6
1,u,109,HH,5.095311733279835e-6,-0.15175798446944977,-7.732542388860864e-7
1,u,110,HH,0,-0.14592016140626338,-0
1,u,50,HU,4.2146943472712275,-0.0023975583854075797,-0.010104975774230057
1,u,51,HU,4.209990551171436,-0.0025464802532163596,-0.01072065780478552
1,u,52,HU,4.200092384124625,-0.0026986491692760697,-0.011334575823300667
1,u,53,HU,4.185206787650531,-0.0028530082062204103,-0.011940429309896326
1,u,54,HU,4.165306305633961,-0.00300824018584606,-0.012530241814966073
1,u,55,HU,4.140237941659927,-0.0031627255065065,-0.01309443614109382
1,u,56,HU,4.1097832652994875,-0.0033144943080621993,-0.01362185324020443
1,u,57,HU,4.073692880309948,-0.0034611723457061505,-0.014099753142228827
1,u,58,HU,4.031707286486681,-0.0035999199002767993,-0.014513823292714379
1,u,59,HU,3.98357047983616,-0.003727363013389319,-0.014848213267770846
1,u,60,HU,3.929039678368016,-0.0038395163039031694,-0.015085611903776462
1,u,61,HU,3.867893003785573,-0.00393169660191048,-0.015207381779537057
1,u,62,HU,3.7999361201622155,-0.00399842663279331,-0.015193765785769883
1,u,63,HU,3.725008384324095,-0.0040333280036738695,-0.015024180630414328
1,u,64,HU,3.6429888195617877,-0.00402900279634681,-0.014677612141074606
1,u,65,HU,3.5538020894976596,-0.003976903165372071,-0.01413312677882912
1,u,66,HU,3.4574245712080782,-0.0038671884910216996,-0.013370512510351514
1,u,67,HU,3.353890577640439,-0.0036885698611159173,-0.012371059702165177
1,u,68,HU,3.24329874260557,-0.00342814197429462,-0.011118488554703118
1,u,69,HU,3.125818547203508,-0.0030712029953933184,-0.009600023285227405
1,u,70,HU,3.001696927978151,-0.0026010634820811014,-0.007807604263638995
1,u,71,HU,2.871264859934069,-0.0019988462775051598,-0.005739217077010588
1,u,72,HU,2.7349437486860904,-0.0012432802696569004,-0.0034003016013628962
1,u,73,HU,2.5932513935430013,-3.104922047004119e-4,-8.051843425235819e-4
1,u,74,HU,2.446807196706796,8.261976344240765e-4,0.0020215463178109606
1,u,75,HU,2.296336194237623,0.00219646804815795,0.005043829078471567
1,u,76,HU,2.1426713756432822,0.003833167510777502,0.008213218303388767
1,u,77,HU,1.9867536477484948,0.005772449374235655,0.011468434850706205
1,u,78,HU,1.829628695788235,0.008053854700854124,0.014735563672391677
1,u,79,HU,1.6724399162069332,0.010720321463940814,0.017929093530864564
1,u,80,HU,1.516416562536619,0.01381809390749257,0.020953986464008083
1,u,81,HU,1.3628562842838245,0.01739650025947663,0.02370892970317291
1,u,82,HU,1.213101379250694,0.021507560842000173,0.026090851721748628
1,u,83,HU,1.0685083534783713,0.026205382116289172,0.0280006696973477
1,u,84,HU,0.9304108172815145,0.03154528569194007,0.029350075042016824
1,u,85,HU,0.800076356064653,0.03758261537585082,0.030068961961290126
1,u,86,HU,0.6786587940671756,0.04437116076594512,0.030112878456777088
1,u,87,HU,0.5671481771178737,0.05196113388191173,0.02946966236210402
1,u,88,HU,0.4663217507983217,0.06039663745922784,0.028164265722318626
1,u,89,HU,0.3767000649254018,0.06971257187628377,0.026260730351912835
1,u,90,HU,0.2985129069204531,0.07993094479293653,0.02386041868303774
1,u,91,HU,0.2316798389485296,0.09105657644853726,0.021095972966801584
1,u,92,HU,0.17580948112159342,0.10307223746331712,0.018121076586467444
1,u,93,HU,0.13022021224484648,0.1159333180876436,0.015096861287622249
1,u,94,HU,0.09398266293913066,0.12956221063212825,0.01217660157148796
1,u,95,HU,0.06598147662898733,0.14384269114191064,0.00949095316383062
1,u,96,HU,0.044990771059377224,0.1586147101754294,0.007136198112152216
1,u,97,HU,0.029755194046471208,0.17367013916550803,0.00516758869094735
1,u,98,HU,0.0190671270647191,0.18875015522994062,0.0035989231932547325
1,u,99,HU,0.011830974311696626,0.2035450623390848,0.0024081364038064006
1,u,100,HU,0.007107708646333903,0.21769741035991722,0.0015473297658996834
1,u,101,HU,0.004136515303266212,0.23080924745998693,9.54745984253594e-4
1,u,102,HU,0.002334575832598262,0.24245418298398486,5.660276761067678e-4
1,u,103,HU,0.0012796461306641017,0.2521946077109106,3.227198539316178e-4
1,u,104,HU,6.82171997119137e-4,0.25960389228441066,1.7709450565955775e-4
1,u,105,HU,3.538735060476545e-4,0.264292670047147,9.352617377227984e-5
1,u,106,HU,1.7830948891477382e-4,0.26593746363155973,4.741917322343467e-5
1,u,107,HU,8.668335402777869e-5,0.2643090527192395,2.291119518960866e-5
1,u,108,HU,3.994185297507558e-5,0.259297281412563,1.0356813891017387e-5
1,u,109,HU,1.664717005426676e-5,0.2509286847044793,4.1772524857689544e-6
1,u,110,HU,5.341682384694766e-6,0.23937358241132384,1.2786576485278494e-6
1,u,50,UH,0.01785487492528144,-0.022470482755785504,-4.012076591152436e-4
1,u,51,UH,0.017785386875398303,-0.02160691990325092,-3.8428742966506126e-4
1,u,52,UH,0.018612429145547553,-0.020755565796054642,-3.863114977548173e-4
1,u,53,UH,0.020040839104545537,-0.019917807667153176,-3.991695787727003e-4
1,u,54,UH,0.021914842380975342,-0.019094919984545267,-4.184621617386456e-4
1,u,55,UH,0.024155232074335644,-0.018288070135689505,-4.4175257831930695e-4
1,u,56,UH,0.02672546528779719,-0.017498324573812396,-4.6765086599203173e-4
1,u,57,UH,0.029613043976161758,-0.016726655369043275,-4.953271810175806e-4
1,u,58,UH,0.032819063670644716,-0.015973947111404097,-5.242499873206823e-4
1,u,59,UH,0.03635216100390743,-0.015241004116412465,-5.540434355010419e-4
1,u,60,UH,0.04022483410175624,-0.014528557887205473,-5.844088307506023e-4
1,u,61,UH,0.044451029867542464,-0.01383727478958352,-6.150811149571694e-4
1,u,62,UH,0.0490443842654665,-0.013167763897962176,-6.458048725285939e-4
1,u,63,UH,0.054016768770741186,-0.0125205849707698,-6.763215432404895e-4
1,u,64,UH,0.05937694375842888,-0.011896256513113934,-7.063633539150093e-4
1,u,65,UH,0.06512920348076752,-0.011295263882302009,-7.356515397594117e-4
1,u,66,UH,0.07127194733712339,-0.010718067387802621,-7.63897534419208e-4
1,u,67,UH,0.07779614472709497,-0.010165110331135513,-7.908063944879066e-4
1,u,68,UH,0.084683685061886907,-0.0096368269226568,-8.160820161141812e-4
1,u,69,UH,0.09190562578371739,-0.009133650000835714,-8.39433819016257e-4
1,u,70,UH,0.09942037265289136,-0.008656018465011461,-8.605845814817481e-4
1,u,71,UH,0.10717184998519738,-0.008204384314242058,-8.792790449468563e-4
1,u,72,UH,0.11508774497870172,-0.0077792191622483575,-8.952927910782687e-4
1,u,73,UH,0.12307794005551106,-0.007381020071069333,-9.084407458555954e-4
1,u,74,UH,0.1310332797937434,-0.007010314513372418,-9.185845030728682e-4
1,u,75,UH,0.1388248531494484,-0.006667664234946302,-9.256375082662496e-4
1,u,76,UH,0.1463040047218955,-0.0063536677443995215,-9.295670356779828e-4
1,u,77,UH,0.15330331682348247,-0.006068961106356852,-9.303918672772171e-4
1,u,78,UH,0.15963882142379207,-0.005814216657657634,-9.281746947310442e-4
1,u,79,UH,0.16511370017586569,-0.005590139203896616,-9.230085684535383e-4
1,u,80,UH,0.16952370251792273,-0.005397459187470838,-9.149972656494353e-4
1,u,81,UH,0.17266444589581562,-0.005236922250467346,-9.042302785764121e-4
1,u,82,UH,0.17434064803628552,-0.005109274549918913,-8.907542360281642e-4
1,u,83,UH,0.17437717041074596,-0.005015243124625632,-8.745439049941658e-4
1,u,84,UH,0.17263152095680215,-0.004955510569571497,-8.554773267426365e-4
1,u,85,UH,0.16900717801436316,-0.004930683256446244,-8.333208628546503e-4
1,u,86,UH,0.16346677495937684,-0.004941252360801521,-8.077305876806317e-4
1,u,87,UH,0.1560438626249929,-0.004987547035633436,-7.782761044640744e-4
1,u,88,UH,0.1468517010589259,-0.005069679229661478,-7.44491018698893e-4
1,u,89,UH,0.13608739911715478,-0.005187479912365345,-0.00070595064924628575
1,u,90,UH,0.12402980624110788,-0.00534042686654615,-6.623721095025258e-4
1,u,91,UH,0.11102994569362931,-0.005527564774236493,-6.137252167014962e-4
1,u,92,UH,0.09749351022515837,-0.005747419083312791,-5.603360611672259e-4
1,u,93,UH,0.08385600244003803,-0.005997906123902323,-5.029604305610723e-4
1,u,94,UH,0.0705523811129079,-0.006276243155337563,-4.4280389905265537e-4
1,u,95,UH,0.057984351242775206,-0.006578863451240639,-3.8147112913499353e-4
1,u,96,UH,0.046489400976713786,-0.006901343119724845,-3.208393075707732e-4
1,u,97,UH,0.03631600990986888,-0.007238348001798976,-2.628679177644112e-4
1,u,98,UH,0.02760888051149249,-0.007583610519063609,-2.0937499666652472e-4
1,u,99,UH,0.02040653150504248,-0.007929947495853788,-1.6182272340747305e-4
1,u,100,UH,0.014651382087269326,-0.008269330421384814,-1.2115711960958877e-4
1,u,101,UH,0.010210071089415894,-0.008593018934874838,-8.773533419776895e-5
1,u,102,UH,0.006899858741709044,-0.00889176607279284,-6.135192986659158e-5
1,u,103,UH,0.004516116959381905,-0.009156099620370388,-4.135001677734493e-5
1,u,104,UH,0.0028563567390676482,-0.009376677527114137,-2.6783136044636637e-5
1,u,105,UH,0.0017377475795467264,-0.009544706850407612,-1.6586291226778885e-5
1,u,106,UH,0.0010070753517191064,-0.00965240561135285,-9.720699775988647e-6
1,u,107,UH,5.438943440833203e-4,-0.00969347638465877,-5.272226980121136e-6
1,u,108,UH,2.5882301710123e-4,-0.009663551091518702,-2.5011494494187547e-6
1,u,109,UH,8.965259221587867e-5,-0.00956056045279471,-8.571290276296605e-7
1,u,110,UH,0,-0.00938498109698125,-0
1,u,50,UU,0.035321434837659836,0.09838074589513268,0.0034749491054152995
1,u,51,UU,0.03528201446366854,0.0987862580811758,0.003485378186431738
1,u,52,UU,0.03701059494614196,0.099169236002976,0.0036703124248245026
1,u,53,UU,0.03992884556923694,0.09952775938406688,0.0039740285342985794
1,u,54,UU,0.04372834730171578,0.09985967490014991,0.004366698545470185
1,u,55,UU,0.04824893175205271,0.10016259872983924,0.0048327383902242544
1,u,56,UU,0.053412665638382914,0.10043391964400994,0.005364443368697721
1,u,57,UU,0.05918737052368624,0.10067080260524652,0.005958440094713605
1,u,58,UU,0.06556599655442141,0.10087019285525789,0.006613654717191662
1,u,59,UU,0.0725545809987701,0.10102882047423034,0.007330103738307748
1,u,60,UU,0.08016487625021848,0.10114320540180044,0.008108132544585762
1,u,61,UU,0.08840951024132272,0.10120966291443945,0.008947896729954954
1,u,62,UU,0.0972984982241244,0.10122430955843109,0.009848973303809226
1,u,63,UU,0.1068364466279085,0.10118306954111111,0.010810039608676872
1,u,64,UU,0.11702007975475374,0.10108168158536857,0.011828586440864453
1,u,65,UU,0.12783588559975329,0.1009157062534124,0.012900648679829534
1,u,66,UU,0.13925777560790942,0.10068053374518637,0.014020547176371715
1,u,67,UU,0.1512447160513667,0.10037139217429536,0.01518064270908167
1,u,68,UU,0.16373833330434537,0.09998335631952249,0.016371108121933098
1,u,69,UU,0.1766605314074328,0.09951135684268608,0.017579729180903596
1,u,70,UU,0.1899111935311178,0.09895018995319271,0.01879174867414165
1,u,71,UU,0.20336607238488028,0.09829452748588419,0.019989771991731926
1,u,72,UU,0.21687500978072866,0.09753892734113545,0.021153755821110534
1,u,73,UU,0.23026066271105142,0.09667784421422132,0.02226110447824239
1,u,74,UU,0.243317951517252,0.09570564051438901,0.023286900398607653
1,u,75,UU,0.25581448277509095,0.0946165973424532,0.02420429591109871
1,u,76,UU,0.26749223162799224,0.09340492535901768,0.024985091929329684
1,u,77,UU,0.27807078986741757,0.09206477533362167,0.02560052479598652
1,u,78,UU,0.287252489457689,0.09059024811874528,0.026022274292699307
1,u,79,UU,0.29472968671027056,0.08897540374263568,0.02622369286998685
1,u,80,UU,0.3001944284104135,0.08721426926310838,0.026181237710670713
1,u,81,UU,0.3033506054206813,0.08530084497361556,0.025876062965641964
1,u,82,UU,0.30392851988167163,0.08322910850706289,0.025295699759622668
1,u,83,UU,0.30170154079172545,0.08099301634804679,0.024435717825575125
1,u,84,UU,0.29650419854078014,0.07858650224833486,0.023301227865265742
1,u,85,UU,0.28825068339461113,0.07600347205448721,0.021908052760069168
1,u,86,UU,0.2769522955492012,0.073237794514182,0.0202833753116634
1,u,87,UU,0.26273199790589646,0.0702832877466657,0.01846566860907649
1,u,88,UU,0.24583392540827448,0.06713370126373497,0.016503741308850406
1,u,89,UU,0.226625607342794,0.06378269373511336,0.014454791705679487
1,u,90,UU,0.20559087273388857,0.06022380713279807,0.012381465067789338
1,u,91,UU,0.18331203243478875,0.05645043848992093,0.010348044611422432
1,u,92,UU,0.16044101564201554,0.052455811294701005,0.00841606364044774
1,u,93,UU,0.13766064461623015,0.04823294952434509,0.006639778923263437
1,u,94,UU,0.11563899339397125,0.04377465850586981,0.005062057445783627
1,u,95,UU,0.09498148610651878,0.03907351814225313,0.003711260820561225
1,u,96,UU,0.07618662720500374,0.03412189549447553,0.002599632131565704
1,u,97,UU,0.05961157422787762,0.028911985139773222,0.001723488948234886
1,u,98,UU,0.04545283780321548,0.023435886942176576,0.0010652275679572476
1,u,99,UU,0.033745178761722484,0.01768573160434117,5.968081745203377e-4
1,u,100,UU,0.02437861788516767,0.011653864274713821,2.841051040388549e-4
1,u,101,UU,0.01713010807849423,0.0053330951602375,9.135649648776287e-5
1,u,102,UU,0.011703761184032529,-0.0012829768682949272,-1.5015654871161782e-5
1,u,103,UU,0.0077723593076496605,-0.008199566631600153,-6.372997802781101e-5
1,u,104,UU,0.0050135373397501674,-0.015420236978398894,-7.730993387899914e-5
1,u,105,UU,0.00313619652127758,-0.022946380133169297,-7.196435754955853e-5
1,u,106,UU,0.0018955859374250761,-0.030776671377284792,-5.83398254635339e-5
1,u,107,UU,0.0010981062811117226,-0.038906530725696054,-4.272350576615306e-5
1,u,108,UU,5.985429966555387e-4,-0.047327636854249455,-2.8327625587367582e-5
1,u,109,UU,2.9290885946695e-4,-0.05602754221036976,-1.6410963487575808e-5
1,u,110,UU,1.0956994516791643e-4,-0.06498943686381842,-7.120889033662351e-6
1,t,50,HH,27.183977046437686,-0.0014766935920338398,-0.040142404710469516
1,t,51,HH,26.20511971676801,-0.001196467809835955,-0.03135358219401042
1,t,52,HH,25.225449023215592,-8.861482698333534e-4,-0.022353488007691952
1,t,53,HH,24.249229380276926,-5.440570935552058e-4,-0.013192965257586968
1,t,54,HH,23.27897655351902,-1.6854967336155102e-4,-0.0039236638942868355
1,t,55,HH,22.316296599669833,2.4195796752524146e-4,0.00539960576794657
1,t,56,HH,21.36232440314438,6.889564524635849e-4,0.014717711237166623
1,t,57,HH,20.417956224474455,0.0011738041880462458,0.023966682527633027
1,t,58,HH,19.483974882364105,0.00169768149583982,0.033077583623197376
1,t,59,HH,18.561118251977597,0.0022615367855192137,0.04197665170721942
1,t,60,HH,17.650117449682625,0.0028660237243770537,0.050585655348831825
1,t,61,HH,16.751718583860967,0.003511428267565786,0.058822458165676494
1,t,62,HH,15.866695452298487,0.004197584327423121,0.06660179215856384
1,t,63,HH,14.99585714161537,0.004923776783840039,0.07383625324766761
1,t,64,HH,14.140052654612047,0.005688630477690304,0.08043753448717178
1,t,65,HH,13.30017369858571,0.006489983795203269,0.08631791177720999
1,t,66,HH,12.477156217564785,0.007324745454369785,0.09139199328806936
1,t,67,HH,11.671980936916466,0.008188733160724548,0.09557873734947264
1,t,68,HH,10.885672999833666,0.009076492928373203,0.09880373400357338
1,t,69,HH,10.11930065275179,0.009981098087761153,0.10100173239466108
1,t,70,HH,9.373972848994883,0.010893927354900579,0.10211937924376067
1,t,71,HH,8.650835570053868,0.011804421855337144,0.10211811247007184
1,t,72,HH,7.951066603539499,0.012699821725806193,0.10097712839496299
1,t,73,HH,7.275868462991271,0.013564883912087655,0.09869631106009623
1,t,74,HH,6.626459088020068,0.014381584107420409,0.09529897870874095
1,t,75,HH,6.004059927397333,0.015128807506348374,0.09083426689817424
1,t,76,HH,5.409880989174138,0.015782035267491,0.08537893256407536
1,t,77,HH,4.845102450017334,0.016313036375951828,0.0790383325123461
1,t,78,HH,4.310852462740355,0.016689578065685717,0.07194630870655869
1,t,79,HH,3.8081809009950067,0.016875172193541843,0.06426370844844806
1,t,80,HH,3.33802894945228,0.016828880024521764,0.05617528870871284
1,t,81,HH,2.901194702780463,0.016505203834151994,0.04788480993195355
1,t,82,HH,2.4982952909524476,0.015854100545165672,0.039608224734274035
1,t,83,HH,2.1297265088163537,0.014821160187909244,0.03156501774360389
1,t,84,HH,1.7956214891265565,0.013348000068929555,0.023967955760632667
1,t,85,HH,1.4958105959391141,0.011372933719299372,0.01701175476424124
1,t,86,HH,1.229785378570807,0.008831981279861956,0.010861441441785316
1,t,87,HH,0.9966700317088154,0.005660293926271209,0.005641445326977941
1,t,88,HH,0.7952042362174606,0.0017940677711363318,0.0014266502916688286
1,t,89,HH,0.6237413592826153,-0.002826979581434186,-0.001763304086787958
1,t,90,HH,0.48026561015409447,-0.008256506566128752,-0.003965316163723112
1,t,91,HH,0.36243073578746526,-0.014537776689813042,-0.005268937102402802
1,t,92,HH,0.2676211214054154,-0.021699211504847993,-0.0058071673165407105
1,t,93,HH,0.1930337783780027,-0.029749313052117143,-0.005742622302600204
1,t,94,HH,0.13577687333649663,-0.03867107584153895,-0.005250637766322688
1,t,95,HH,0.09297759334782794,-0.04841610656153261,-0.004501613067363283
1,t,96,HH,0.0618898348758997,-0.05889879107092055,-0.0036452364537693884
1,t,97,HH,0.03999109302298864,-0.06999098833315343,-0.002799016125202051
1,t,98,HH,0.025058537551064616,-0.08151787921443054,-0.0020427188373779576
1,t,99,HH,0.015216786424965986,-0.0932557358630301,-0.00141905261553077
1,t,100,HH,0.008954018791644303,-0.10493247671112116,-9.39567368325157e-4
1,t,101,HH,0.005107975560483925,-0.11623189572876602,-5.937096827312527e-4
1,t,102,HH,0.0028279060248928337,-0.1268023586677698,-0.00035858515404720823
1,t,103,HH,0.0015214949992146034,-0.13627050009695219,-2.0733488443798587e-4
1,t,104,HH,7.965639066856596e-4,-0.1442600010494157,-1.1491231001439992e-4
1,t,105,HH,4.059243123249849e-4,-0.15041487341510656,-6.105705405447678e-5
1,t,106,HH,2.0090468051763865e-4,-0.15442586427789007,-3.102487892640973e-5
1,t,107,HH,9.584621922607716e-5,-0.15605772138982058,-1.4957542576250812e-5
1,t,108,HH,4.3225569671066294e-5,-0.15517429329923904,-6.707497226164733e-6
1,t,109,HH,1.7507060770036285e-5,-0.15175798446944977,-2.65683625644488e-6
1,t,110,HH,5.341682384694766e-6,-0.14592016140626338,-7.79459155755654e-7
1,t,50,HU,22.616220455024262,-0.0023975583854075797,-0.05422370899816985
1,t,51,HU,21.600902850124516,-0.0025464802532163596,-0.05500627255948706
1,t,52,HU,20.595896205724603,-0.0026986491692760697,-0.05558109818607486
1,t,53,HU,19.60560420844003,-0.0028530082062204103,-0.05593494969458882
1,t,54,HU,18.63287823710992,-0.00300824018584606,-0.05605217309085055
1,t,55,HU,17.679737038236162,-0.0031627255065065,-0.05591615527915719
1,t,56,HU,16.747734228066246,-0.0033144943080621993,-0.055510269771864046
1,t,57,HU,15.838145744222016,-0.0034611723457061505,-0.0548185520571648
1,t,58,HU,14.952064235418142,-0.0035999199002767993,-0.053826233591298775
1,t,59,HU,14.090444996310618,-0.003727363013389319,-0.0525202035214448
1,t,60,HU,13.254126676413632,-0.0038395163039031694,-0.050889435468088065
1,t,61,HU,12.44383906717267,-0.00393169660191048,-0.04892539977512366
1,t,62,HU,11.660204613328663,-0.00399842663279331,-0.046622472669752744
1,t,63,HU,10.903737321120252,-0.0040333280036738695,-0.04397834908197821
1,t,64,HU,10.174841144737622,-0.00402900279634681,-0.04099446342453245
1,t,65,HU,9.473809059677405,-0.003976903165372071,-0.03767642123756167
1,t,66,HU,8.800823534722856,-0.0038671884910216996,-0.03403444348499314
1,t,67,HU,8.155958814636328,-0.0036885698611159173,-0.030083823872170262
1,t,68,HU,7.539185229277913,-0.00342814197429462,-0.02584539733646962
1,t,69,HU,6.950375601717624,-0.0030712029953933184,-0.021346014367103806
1,t,70,HU,6.389313711044695,-0.0026010634820811014,-0.01661901056935844
1,t,71,HU,5.855704660295308,-0.0019988462775051598,-0.011704653462400893
1,t,72,HU,5.349186898138327,-0.0012432802696569004,-0.006650538529162578
1,t,73,HU,4.8693455403792925,-3.104922047004119e-4,-0.001511893832280485
1,t,74,HU,4.4157265321515276,8.261976344240765e-4,0.003648262815127223
1,t,75,HU,3.9878510841223975,0.00219646804815795,0.008759187487086886
1,t,76,HU,3.5852297086437646,0.003833167510777502,0.013742786037847569
1,t,77,HU,3.2073750797350127,0.005772449374235655,0.018514410271955408
1,t,78,HU,2.8538128527393862,0.008053854700854124,0.022984194059393025
1,t,79,HU,2.5240895181989536,0.010720321463940814,0.02705905103885627
1,t,80,HU,2.217776347326322,0.01381809390749257,0.03064544183317098
1,t,81,HU,1.9344685353495072,0.01739650025947663,0.03365298237715708
1,t,82,HU,1.673778789437522,0.021507560842000173,0.0359988991498769
1,t,83,HU,1.4353248663498859,0.026205382116289172,0.03761323658371044
1,t,84,HU,1.2187109643260778,0.03154528569194007,0.0384445855455659
1,t,85,HU,1.02350342650676,0.03758261537585082,0.03846593561426896
1,t,86,HU,0.8492019120999437,0.04437116076594512,0.037680074564534594
1,t,87,HU,0.6952079988599703,0.05196113388191173,0.036123795904538854
1,t,88,HU,0.5607940179290191,0.06039663745922784,0.03387007299016268
1,t,89,HU,0.4450756648436303,0.06971257187628377,0.031027369275796364
1,t,90,HU,0.3469924103961494,0.07993094479293653,0.027735431198942593
1,t,91,HU,0.2652997588089208,0.09105657644853726,0.024157287769762996
1,t,92,HU,0.19857678734378229,0.10307223746331712,0.02046775377980095
1,t,93,HU,0.14525103877371215,0.1159333180876436,0.016839434880713423
1,t,94,HU,0.10364074965412519,0.12956221063212825,0.013427924636759441
1,t,95,HU,0.07201180078507599,0.14384269114191064,0.010358371218900484
1,t,96,HU,0.04864410395601064,0.1586147101754294,0.007715670450726087
1,t,97,HU,0.03189998932582869,0.17367013916550803,0.005540075585594889
1,t,98,HU,0.02028616040569793,0.18875015522994062,0.00382901592559496
1,t,99,HU,0.01250139574312953,0.2035450623390848,0.0025445973758608693
1,t,100,HU,0.007464470859551278,0.21769741035991722,0.0016249959758313785
1,t,101,HU,0.004320317377180889,0.23080924745998693,9.971692026154255e-4
1,t,102,HU,0.0024263491425531,0.24245418298398486,5.88278498991604e-4
1,t,103,HU,0.0013241099860410587,0.2521946077109106,3.339333984957241e-4
1,t,104,HU,7.030896613661647e-4,0.25960389228441066,1.825248127155846e-4
1,t,105,HU,3.634154544023455e-4,0.264292670047147,9.60480407803931e-5
1,t,106,HU,1.8250262675240813e-4,0.26593746363155973,4.853428566463266e-5
1,t,107,HU,8.842480670815951e-5,0.2643090527192395,2.3371476897915493e-5
1,t,108,HU,4.0589350585930675e-5,0.259297281412563,1.0524708261233245e-5
1,t,109,HU,1.6825238618201057e-5,0.2509286847044793,4.221934996304202e-6
1,t,110,HU,5.341682384694766e-6,0.23937358241132384,1.2786576485278494e-6
1,t,50,UH,0.22781653775103503,-0.022470482755785504,-0.00511914758301739
1,t,51,UH,0.21961318003716465,-0.02160691990325092,-0.004745164390761241
1,t,52,UH,0.22228293826621753,-0.020755565796054642,-0.00461360815052483
1,t,53,UH,0.23134907884483008,-0.019917807667153176,-0.004607966456404381
1,t,54,UH,0.24438807061653678,-0.019094919984545267,-0.004666570653600168
1,t,55,UH,0.2600665678563257,-0.018288070135689505,-0.004756115632904538
1,t,56,UH,0.2776347600219912,-0.017498324573812396,-0.004858143143837317
1,t,57,UH,0.2966559276560946,-0.016726655369043275,-0.004962061465087328
1,t,58,UH,0.3168598658651005,-0.015973947111404097,-0.0050615027390557114
1,t,59,UH,0.3380620888867132,-0.015241004116412465,-0.005152405688325393
1,t,60,UH,0.3601183996551892,-0.014528557887205473,-0.005232001015638212
1,t,61,UH,0.38289870848291857,-0.01383727478958352,-0.005298274645854779
1,t,62,UH,0.4062714715378645,-0.013167763897962176,-0.00534968681568826
1,t,63,UH,0.4300940899601851,-0.0125205849707698,-0.005385029598772408
1,t,64,UH,0.45420674378521925,-0.011896256513113934,-0.0054033599340551864
1,t,65,UH,0.4784282975165857,-0.011295263882302009,-0.005403973869210331
1,t,66,UH,0.502553558287273,-0.010718067387802621,-0.005386402903702984
1,t,67,UH,0.5263515316599429,-0.010165110331135513,-0.005350421392285486
1,t,68,UH,0.5495645314674125,-0.0096368269226568,-0.00529605827258243
1,t,69,UH,0.5719081270363723,-0.009133650000835714,-0.005223608664983713
1,t,70,UH,0.5930719904757383,-0.008656018465011461,-0.0051336421006390924
1,t,71,UH,0.6127217580232809,-0.008204384314242058,-0.0050270047805210235
1,t,72,UH,0.6305020526430486,-0.0077792191622483575,-0.004904813649757726
1,t,73,UH,0.6460408343974263,-0.007381020071069333,-0.0047684403654177825
1,t,74,UH,0.6589552512678543,-0.007010314513372418,-0.004619483561626007
1,t,75,UH,0.6688591543050262,-0.006667664234946302,-0.004459728261376053
1,t,76,UH,0.6753724136542335,-0.0063536677443995215,-0.004291091920092155
1,t,77,UH,0.6781321211070624,-0.006068961106356852,-0.004115557467970037
1,t,78,UH,0.6768056843760284,-0.005814216657657634,-0.003935094884096479
1,t,79,UH,0.6711057019207259,-0.005590139203896616,-0.0037515742942656064
1,t,80,UH,0.6608063491617543,-0.005397459187470838,-0.003566675300422173
1,t,81,UH,0.6457608037477004,-0.005236922250467346,-0.0033817991216260096
1,t,82,UH,0.6259189899491604,-0.005109274549918913,-0.003197991965658197
1,t,83,UH,0.6013446381426746,-0.005015243124625632,-0.003015889561975537
1,t,84,UH,0.572230353116134,-0.004955510569571497,-0.0028356935630966325
1,t,85,UH,0.5389090969131303,-0.004930683256446244,-0.0026571900608961378
1,t,86,UH,0.5018602670524235,-0.004941252360801521,-0.0024798182293652694
1,t,87,UH,0.4617084551245362,-0.004987547035633436,-0.0023027926366832735
1,t,88,UH,0.41921308314690486,-0.005069679229661478,-0.0021252758604322136
1,t,89,UH,0.37524751794304934,-0.005187479912365345,-0.0019465889614945226
1,t,90,UH,0.33076702429474936,-0.00534042686654615,-0.0017664371031112023
1,t,91,UH,0.2867660608517436,-0.005527564774236493,-0.0015851179764106566
1,t,92,UH,0.24422689977592055,-0.005747419083312791,-0.0014036743444304461
1,t,93,UH,0.20406320882243842,-0.005997906123902323,-0.001223951969859262
1,t,94,UH,0.16706380163948184,-0.006276243155337563,-0.0010485330415444703
1,t,95,UH,0.13384286684642832,-0.006578863451240639,-8.805339449052348e-4
1,t,96,UH,0.10480322222632027,-0.006901343119724845,-7.232829966366094e-4
1,t,97,UH,0.08011818059296326,-0.007238348001798976,-5.799232724028452e-4
1,t,98,UH,0.05973535703770713,-0.007583610519063609,-4.530096819911762e-4
1,t,99,UH,0.04340244214559464,-0.007929947495853788,-3.4417908740639713e-4
1,t,100,UH,0.03071124795903074,-0.008269330421384814,-2.539614570263052e-4
1,t,101,UH,0.021153112462634,-0.008593018934874838,-1.8176909592295087e-4
1,t,102,UH,0.01417693797052507,-0.00889176607279284,-1.260580160624034e-4
1,t,103,UH,0.0092413094021164,-0.009156099620370388,-8.461434950844328e-5
1,t,104,UH,0.005854246299366001,-0.009376677527114137,-5.4893379713456286e-5
1,t,105,UH,0.0035974956996192155,-0.009544706850407612,-3.4337041848467454e-5
1,t,106,UH,0.002135792601223477,-0.00965240561135285,-2.0615536488735386e-5
1,t,107,UH,0.0012141816215283743,-0.00969347638465877,-1.1769640874971988e-5
1,t,108,UH,6.477506694345802e-4,-0.009663551091518702,-6.259571688646508e-6
1,t,109,UH,3.08038734875276e-4,-0.00956056045279471,-2.9450229465774785e-6
1,t,110,UH,1.0956994516791643e-4,-0.00938498109698125,-1.0283118641981678e-6
1,t,50,UU,0.18953624895563073,0.09838074589513268,0.018646717546420513
1,t,51,UU,0.1810273342714107,0.0987862580811758,0.01788301296308286
1,t,52,UU,0.18148800128874434,0.099169236002976,0.0179980264315119
1,t,53,UU,0.18704670580204338,0.09952775938406688,0.01861633952864812
1,t,54,UU,0.19561225777822208,0.09985967490014991,0.01953377646821758
1,t,55,UU,0.20603367192226982,0.10016259872983924,0.020636868005585656
1,t,56,UU,0.2176613876642024,0.10043391964400994,0.0218605863182702
1,t,57,UU,0.23011508921116539,0.10067080260524652,0.023165870722465925
1,t,58,UU,0.24315926789298473,0.10087019285525789,0.024527522246908687
1,t,59,UU,0.25663568348251764,0.10102882047423034,0.025927600393836677
1,t,60,UU,0.2704262394368971,0.10114320540180044,0.02735177668140255
1,t,61,UU,0.2844323036789887,0.10120966291443945,0.02878729757732792
1,t,62,UU,0.2985630184263346,0.10122430955843109,0.03022183539988686
1,t,63,UU,0.3127285713650743,0.10118306954111111,0.03164283678392464
1,t,64,UU,0.32683622740087626,0.10108168158536857,0.03303715546869849
1,t,65,UU,0.34078790564221273,0.1009157062534124,0.03439085218050516
1,t,66,UU,0.35447862526614876,0.10068053374518637,0.03568909719305577
1,t,67,UU,0.3677954442730056,0.10037139217429536,0.03691614077704504
1,t,68,UU,0.3806166874788046,0.09998335631952249,0.03805533388534966
1,t,69,UU,0.39281136404388695,0.09951135684268608,0.0390891918192335
1,t,70,UU,0.40423874289218903,0.09895018995319271,0.03999950039562194
1,t,71,UU,0.41474810437287246,0.09829452748588419,0.04076746894499768
1,t,72,UU,0.4241787281402141,0.09753892734113545,0.041373938143723595
1,t,73,UU,0.43236021539932,0.09667784421422132,0.041799653548802634
1,t,74,UU,0.4391132802411152,0.09570564051438901,0.04202561774385033
1,t,75,UU,0.4442511793476929,0.0946165973424532,0.042033534955250626
1,t,76,UU,0.44758197946998546,0.09340492535901768,0.04180636138443537
1,t,77,UU,0.4489118833800627,0.09206477533362167,0.041328971687978444
1,t,78,UU,0.4480498410867837,0.09059024811874528,0.040588946273616124
1,t,79,UU,0.4448136556167968,0.08897540374263568,0.0395774745987422
1,t,80,UU,0.43903774159132664,0.08721426926310838,0.038290355811812955
1,t,81,UU,0.4305825993045953,0.08530084497361556,0.03672905955161771
1,t,82,UU,0.41934591682461086,0.08322910850706289,0.034901786813389304
1,t,83,UU,0.4052750007098597,0.08099301634804679,0.032824444757948344
1,t,84,UU,0.38837996186047186,0.07858650224833486,0.030521422745956178
1,t,85,UU,0.3687467576200429,0.07600347205448721,0.0280260338879577
1,t,86,UU,0.3465488416224232,0.073237794514182,0.025380472851870832
1,t,87,UU,0.3220558469020316,0.0702832877466657,0.0226351437583116
1,t,88,UU,0.2956374960785234,0.06713370126373497,0.019847239344094207
1,t,89,UU,0.2677608852514003,0.06378269373511336,0.017078510538232897
1,t,90,UU,0.2389795242736022,0.06022380713279807,0.014392256778541253
1,t,91,UU,0.20991312067739673,0.05645043848992093,0.011849687707026733
1,t,92,UU,0.18121810747129183,0.052455811294701005,0.00950594284869693
1,t,93,UU,0.15355029210956903,0.04823294952434509,0.007406183488769287
1,t,94,UU,0.12752258331264596,0.04377465850586981,0.0055822575362974095
1,t,95,UU,0.10366224287815046,0.03907351814225313,0.004050448527766062
1,t,96,UU,0.08237312067683711,0.03412189549447553,0.0028107270152888573
1,t,97,UU,0.06390845842225855,0.028911985139773222,0.001847720400210154
1,t,98,UU,0.04835880913996436,0.023435886942176576,0.0011333315836625
1,t,99,UU,0.035657404285450195,0.01768573160434117,6.306272818999568e-4
1,t,100,UU,0.025602270978542445,0.011653864274713821,2.9836539110837825e-4
1,t,101,UU,0.017891267934163974,0.0053330951602375,9.541583443020227e-5
1,t,102,UU,0.0121638417210542,-0.0012829768682949272,-1.5605927557713296e-5
1,t,103,UU,0.008042425423516965,-0.008199566631600153,-6.594440313980243e-5
1,t,104,UU,0.005167269083658903,-0.015420236978398894,-7.968051380117439e-5
1,t,105,UU,0.00322076183833232,-0.022946380133169297,-7.390482546077858e-5
1,t,106,UU,0.0019401626627977998,-0.030776671377284792,-5.971174869140569e-5
1,t,107,UU,0.0011201670348519645,-0.038906530725696054,-4.35818131593798e-5
1,t,108,UU,6.08245980655063e-4,-0.047327636854249455,-2.878684489049966e-5
1,t,109,UU,2.960419961982315e-4,-0.05602754221036976,-1.6586505438038543e-5
1,t,110,UU,1.0956994516791643e-4,-0.06498943686381842,-7.120889033662351e-6
2,h,50,init,6.6074746717107935,0.003810017826877843,0.025174596289861944
2,u,50,init,-2.080238056807511,0.003810017826877843,-0.00792574408058634
2,t,50,init,4.527236614903282,0.003810017826877843,0.017248852209275606
2,h,50,HD,-25.05346222548863,0.00387425197744104,-0.09706342556884372
2,h,51,HD,-24.082896486814374,0.00374294806305214,-0.09014103075800706
2,h,52,HD,-23.113245152458177,0.003584797439109489,-0.08285630203204189
2,h,53,HD,-22.14861628578817,0.00339706529977557,-0.07524029582249506
2,h,54,HD,-21.191496994169835,0.0031767898592079107,-0.06732093275251365
2,h,55,HD,-20.243537583206983,0.00292076753898143,-0.05912666744718155
2,h,56,HD,-19.30596064214524,0.002625537855598931,-0.050688530504655376
2,h,57,HD,-18.379777380869267,0.00228736815765972,-0.042041317525874734
2,h,58,HD,-17.46590354828797,0.00190223840443738,-0.03322431249775248
2,h,59,HD,-16.565222287036722,0.0014658262278698497,-0.024281737298832602
2,h,60,HD,-15.678618501087355,9.734925795254496e-4,-0.015263018768018968
2,h,61,HD,-14.806997626054164,4.202683343453809e-4,-0.006222912228957793
2,h,62,HD,-13.951295619176925,-1.991576946300897e-4,0.0027785078726181465
2,h,63,HD,-13.112483789954776,-8.904487801660588e-4,0.01167599519571245
2,h,64,HD,-12.291570388106638,-0.0016596276813442296,0.020399430463292813
2,h,65,HD,-11.489599943560833,-0.002513080629831691,0.028874291062678022
2,h,66,HD,-10.707650846065599,-0.003457556963348693,0.037022312743920635
2,h,67,HD,-9.946831367470702,-0.0045001632996088115,0.04476236546728938
2,h,68,HD,-9.208274166355123,-0.0056483509540781705,0.05201156417294533
2,h,69,HD,-8.493129218881604,-0.0069098950923676995,0.05868663190839471
2,h,70,HD,-7.80255506354595,-0.008292863872820189,0.06470552700217044
2,h,71,HD,-7.137708216862643,-0.00980557557783223,0.06998933737296077
2,h,72,HD,-6.499730605915238,-0.011456541456149199,0.07446443314046967
2,h,73,HD,-5.889734870715968,-0.013254391707387538,0.07806485302912894
2,h,74,HD,-5.308787416003299,-0.015207781741844298,0.08073488033642774
2,h,75,HD,-4.757889141878979,-0.0173252755545065,0.08243174044084779
2,h,76,HD,-4.237953860106867,-0.019615202778268292,0.08312832433094104
2,h,77,HD,-3.7497845129689225,-0.02208548575018785,0.08281581242745023
2,h,78,HD,-3.2940474589257223,-0.02474343276653953,0.08150604182971899
2,h,79,HD,-2.8712452771390904,-0.02759549365748314,0.07923343083437019
2,h,80,HD,-2.481688771515136,-0.030646973932014248,0.07605625108799684
2,h,81,HD,-2.1254691200503184,-0.03390170409362875,0.07205702516809137
2,h,82,HD,-1.8024314060014035,-0.0373616613871661,0.06734183186461815
2,h,83,HD,-1.5121510640544344,-0.041026542304198124,0.06203832959976746
2,h,84,HD,-1.2539150468824325,-0.04489328576087019,0.056292366519547984
2,h,85,HD,-1.0267097232470233,-0.048955549095150694,0.05026313826288823
2,h,86,HD,-0.8292176051786776,-0.05320314204580699,0.04411698203520508
2,h,87,HD,-0.6598249083755849,-0.057621427808183245,0.03802005332400489
2,h,88,HD,-0.5166416162219455,-0.062190705230363866,0.03213030646419779
2,h,89,HD,-0.3975350947565605,-0.06688559229484942,0.026589370270781638
2,h,90,HD,-0.3001773722208003,-0.07167443822680818,0.021515044522325357
2,h,91,HD,-0.22210497759745046,-0.07651879975872403,0.016995206306195196
2,h,92,HD,-0.16078881685523508,-0.08137302595846937,0.013083872567792622
2,h,93,HD,-0.11371011643970312,-0.08618400503552673,0.009799993247829705
2,h,94,HD,-0.07843721256050382,-0.09089113479058912,0.0071292472594348425
2,h,95,HD,-0.052697184257559725,-0.09542658458037824,0.0050287123107018
2,h,96,HD,-0.034436276780948766,-0.09971591910450868,0.0034338449897495576
2,h,97,HD,-0.021863909906989193,-0.1036791508323544,0.0022668316130317404
2,h,98,HD,-0.013476817723000573,-0.10723227601551005,0.0014451498378835151
2,h,99,HD,-0.008062308099877256,-0.11028932647605419,8.891865301778988e-4
2,h,100,HD,-0.004682334661192183,-0.11276493364879536,5.280031573907912e-4
2,h,101,HD,-0.0026424852602897598,-0.11457735173122069,3.0276896311278606e-4
2,h,102,HD,-0.0014515755262226736,-0.11565182431621521,1.6787735774042228e-4
2,h,103,HD,-7.779586592242679e-4,-0.11592410761395805,9.018416333112455e-5
2,h,104,HD,-4.079108561288239e-4,-0.11534389123499486,4.70500254228967e-5
2,h,105,HD,-2.0984513666493223e-4,-0.1138777966320402,2.3896701797351836e-5
2,h,106,HD,-1.061735012456359e-4,-0.11151159935366975,1.1839576932879706e-5
2,h,107,HD,-5.291177217587871e-5,-0.10825133132941861,5.727769781037759e-6
2,h,108,HD,-2.5953843239736226e-5,-0.10412298811332393,2.702391711146128e-6
2,h,109,HD,-1.2411749036756304e-5,-0.09917070023502933,1.2308818431165736e-6
2,h,110,HD,-5.3416823846947064e-6,-0.09345342100506054,4.991984927721901e-7
2,h,50,HU,-6.651936117735644,-0.0023975583854075797,0.015948405218272635
2,h,51,HU,-6.69198418786134,-0.0025464802532163596,0.01704100558922502
2,h,52,HU,-6.717441330858246,-0.0026986491692760697,0.018128017467181342
2,h,53,HU,-6.728218864998709,-0.0028530082062204103,0.019195663635088293
2,h,54,HU,-6.723925062693918,-0.00300824018584606,0.020227181580213333
2,h,55,HU,-6.704038486630786,-0.0031627255065065,0.02120303351826842
2,h,56,HU,-6.668009679378524,-0.0033144943080621993,0.02210108012840377
2,h,57,HU,-6.615324516957239,-0.0034611723457061505,0.022896778275964293
2,h,58,HU,-6.545546599356548,-0.0035999199002767993,0.02356344346121277
2,h,59,HU,-6.4583477705623,-0.003727363013389319,0.024072606607599287
2,h,60,HU,-6.35353150304177,-0.0038395163039031694,0.024394487793291286
2,h,61,HU,-6.231051562667098,-0.00393169660191048,0.024498604255267214
2,h,62,HU,-6.091027126010507,-0.00399842663279331,0.024354525081706907
2,h,63,HU,-5.933754853158647,-0.0040333280036738695,0.0239327796161805
2,h,64,HU,-5.759718062930832,-0.00402900279634681,0.023205920181717556
2,h,65,HU,-5.569592973381114,-0.003976903165372071,0.022149731925673394
2,h,66,HU,-5.364251882550845,-0.0038671884910216996,0.020744573143142115
2,h,67,HU,-5.144763130474834,-0.0036885698611159173,0.01897681822564985
2,h,68,HU,-4.912387679682796,-0.00342814197429462,0.016840362398728347
2,h,69,HU,-4.668572164367501,-0.0030712029953933184,0.014338132815415338
2,h,70,HU,-4.414938280479422,-0.0026010634820811014,0.011483534736996957
2,h,71,HU,-4.153268416501418,-0.0019988462775051598,0.008301745113803608
2,h,72,HU,-3.885487456463014,-0.0012432802696569004,0.00483074989261984
2,h,73,HU,-3.6136407238796857,-3.104922047004119e-4,0.001122007275352596
2,h,74,HU,-3.3398680805585768,8.261976344240765e-4,-0.002759391107445977
2,h,75,HU,-3.0663742519942123,0.00219646804815795,-0.006735193068199521
2,h,76,HU,-2.795395527106391,0.003833167510777502,-0.010715219314276969
2,h,77,HU,-2.529163080982411,0.005772449374235655,-0.01459946584415684
2,h,78,HU,-2.2698633019745764,0.008053854700854124,-0.018281149224904206
2,h,79,HU,-2.019595675147075,0.010720321463940814,-0.021650714864761226
2,h,80,HU,-1.7803289867254368,0.01381809390749257,-0.02460075312480318
2,h,81,HU,-1.5538568689846393,0.01739650025947663,-0.027031671424480822
2,h,82,HU,-1.3417539958145783,0.021507560842000173,-0.02885785569997889
2,h,83,HU,-1.1453345511829225,0.026205382116289172,-0.030013929564737044
2,h,84,HU,-0.9656148998378711,0.03154528569194007,-0.030460597883779736
2,h,85,HU,-0.8032826528049177,0.03758261537585082,-0.030189462978460337
2,h,86,HU,-0.6586744871459106,0.04437116076594512,-0.02922615156157765
2,h,87,HU,-0.5317650866334892,0.05196113388191173,-0.027631116860289122
2,h,88,HU,-0.4221693490912488,0.06039663745922784,-0.025497609123462352
2,h,89,HU,-0.3291594948383325,0.06971257187628377,-0.022946554942678513
2,h,90,HU,-0.25169786874510436,0.07993094479293653,-0.02011844845116472
2,h,91,HU,-0.18848505773705948,0.09105657644853726,-0.017162804069241516
2,h,92,HU,-0.1380215106330464,0.10307223746331712,-0.014226185919015108
2,h,93,HU,-0.0986792899108376,0.1159333180876436,-0.011440217505895935
2,h,94,HU,-0.06877912584550937,0.12956221063212825,-0.00891117558988954
2,h,95,HU,-0.04666686010147113,0.14384269114191064,-0.006712686744138665
2,h,96,HU,-0.030782943884315385,0.1586147101754294,-0.0048826277225571925
2,h,97,HU,-0.019719114627631734,0.17367013916550803,-0.003424621381601408
2,h,98,HU,-0.012257784382021757,0.18875015522994062,-0.0023136587048817486
2,h,99,HU,-0.007391886668444358,0.2035450623390848,-0.0015045820327319567
2,h,100,HU,-0.0043255724479748115,0.21769741035991722,-9.416659202483242e-4
2,h,101,HU,-0.0024586831863750848,0.23080924745998693,-5.674868159897561e-4
2,h,102,HU,-0.0013598022162678361,0.24245418298398486,-3.296897353650301e-4
2,h,103,HU,-7.334948038473113e-4,0.2521946077109106,-1.8498343431426402e-4
2,h,104,HU,-3.869931918817965e-4,0.25960389228441066,-1.0046493890008217e-4
2,h,105,HU,-2.003031883102413e-4,0.264292670047147,-5.293866445747016e-5
2,h,106,HU,-1.0198036340800164e-4,0.26593746363155973,-2.712039918494868e-5
2,h,107,HU,-5.1170319495497915e-5,0.2643090527192395,-1.3524778673195887e-5
2,h,108,HU,-2.5306345628881135e-5,0.259297281412563,-6.5618666240555745e-6
2,h,109,HU,-1.2233680472822009e-5,0.2509286847044793,-3.0697813501400994e-6
2,h,110,HU,-5.3416823846947064e-6,0.23937358241132384,-1.2786576485278352e-6
2,h,50,UD,-0.1542148141179705,-0.07591026313934701,0.011706487119680628
2,h,51,UD,-0.14574531980774177,-0.07717933817792538,0.01124852732529159
2,h,52,UD,-0.144477406342602,-0.07841367020692172,0.011329003693300215
2,h,53,UD,-0.14711786023280604,-0.07960995171691304,0.01171204574982925
2,h,54,UD,-0.15188391047650585,-0.08076475491560423,0.012266866805258568
2,h,55,UD,-0.15778474017021665,-0.08187452859415001,0.012918551220786932
2,h,56,UD,-0.16424872202581903,-0.08293559507019777,0.0136220655007308
2,h,57,UD,-0.17092771868747858,-0.08394414723620383,0.014348381584250131
2,h,58,UD,-0.17759327133856273,-0.0848962457438536,0.015077002006013494
2,h,59,UD,-0.18408110248374684,-0.08578781635781757,0.01579191581482027
2,h,60,UD,-0.1902613631866779,-0.08661464751459512,0.016479420908060472
2,h,61,UD,-0.19602279343766524,-0.08737238812485576,0.017126979589554114
2,h,62,UD,-0.20126452020220947,-0.0880565456604687,0.01772265841301818
2,h,63,UD,-0.2058921247371651,-0.08866248457034123,0.01825490733266367
2,h,64,UD,-0.2098161476461217,-0.08918542507225463,0.0187125423148423
2,h,65,UD,-0.2129520200424586,-0.08962044237111018,0.019084854240026664
2,h,66,UD,-0.2152208496582384,-0.08996246635738425,0.019361798446786926
2,h,67,UD,-0.21655072822163796,-0.09020628184315978,0.019534236023302568
2,h,68,UD,-0.2168783541744584,-0.09034652939686574,0.019594206600966564
2,h,69,UD,-0.21615083263645318,-0.09037770684185034,0.019535216585639222
2,h,70,UD,-0.21432754936107035,-0.09029417148818089,0.01935252849665004
2,h,71,UD,-0.21138203198799124,-0.09009014317164234,0.01904343752571081
2,h,72,UD,-0.2073037183594845,-0.08975970817888732,0.01860752126434557
2,h,73,UD,-0.20209955268826765,-0.08929682414315243,0.018046848215814006
2,h,74,UD,-0.19579532872386227,-0.08869532600101664,0.01736613051063918
2,h,75,UD,-0.18843669657260106,-0.08794893310750705,0.016572806421863293
2,h,76,UD,-0.18008974784199236,-0.08705125761461822,0.015677039033144914
2,h,77,UD,-0.17084109351264426,-0.08599581422726471,0.014691618940096114
2,h,78,UD,-0.16079735162909384,-0.08477603146108756,0.013631761340567618
2,h,79,UD,-0.15008396890652545,-0.08338526453873918,0.01251479145029453
2,h,80,UD,-0.13884331318091236,-0.08181681007563812,0.01135971698479505
2,h,81,UD,-0.12723199388391326,-0.08006392272314805,0.010186692526233677
2,h,82,UD,-0.11541739694293851,-0.07811983395714453,0.009016387884948197
2,h,83,UD,-0.10357345991813363,-0.07597777322342067,0.007869280849625007
2,h,84,UD,-0.09187576331969108,-0.07363099167876294,0.006764903564472167
2,h,85,UD,-0.08049607422543119,-0.07107278879804144,0.005721080482495537
2,h,86,UD,-0.06959654607322156,-0.06829654215338038,0.004753203442619456
2,h,87,UD,-0.05932384899613467,-0.06529574071103175,0.003873594662032011
2,h,88,UD,-0.0498035706702486,-0.06206402203407338,0.0030910099074538395
2,h,89,UD,-0.04113527790860599,-0.058595213822748043,0.0024103304047129316
2,h,90,UD,-0.0333886515397134,-0.05488338026625167,0.0018324820590314597
2,h,91,UD,-0.026601088242607766,-0.050922873715684575,0.001354603857278097
2,h,92,UD,-0.02077709182927611,-0.046708392211388616,9.704645541738664e-4
2,h,93,UD,-0.015889647493338717,-0.042235043400442984,6.710999514989008e-4
2,h,94,UD,-0.011883589918674596,-0.03749841535053272,4.456157906258634e-4
2,h,95,UD,-0.008680756771631593,-0.03249465469101209,2.820781937508335e-4
2,h,96,UD,-0.006186493471833304,-0.02722055237475074,1.68399769566092e-4
2,h,97,UD,-0.0042968841943808915,-0.02167363713797449,9.312910885290928e-5
2,h,98,UD,-0.0029059713367488526,-0.015852276423113154,4.6066260907786453e-5
2,h,99,UD,-0.0019122255237276964,-0.009755784108486598,1.8655259376225122e-5
2,h,100,UD,-0.0012236530933747622,-0.0033845338533289304,4.141495319257549e-6
2,h,101,UD,-7.611598556697367e-4,0.003259923774637241,-2.481323109797226e-6
2,h,102,UD,-4.6008053702166664e-4,0.010174742941087833,-4.681201196393102e-6
2,h,103,UD,-2.7006611586730226e-4,0.017355666251970436,-4.6871773729588755e-6
2,h,104,UD,-1.5373174390873428e-4,0.024796914505512746,-3.8120729104882638e-6
2,h,105,UD,-8.456531705473909e-5,0.03249108698357733,-2.7476190722193234e-6
2,h,106,UD,-4.457672537272319e-5,0.04042907698863768,-1.8021958619951845e-6
2,h,107,UD,-2.2060753740241522e-5,0.048600007110354726,-1.0721527886355226e-6
2,h,108,UD,-9.702983999524255e-6,0.056991187945768185,-5.529845847516683e-7
2,h,109,UD,-3.1331367312814666e-6,0.06558810266316473,-2.054964935890212e-7
2,h,110,UD,0,0.07437441796079969,0
2,h,50,UH,0.05574684870778256,-0.022470482755785504,-0.0012526586025776115
2,h,51,UH,0.05608247335402404,-0.02160691990325092,-0.0012117695097366014
2,h,52,UH,0.059193102778067455,-0.020755565796054642,-0.0012285863393828038
2,h,53,UH,0.06419037950747793,-0.019917807667153176,-0.001278531633111516
2,h,54,UH,0.07058931775905489,-0.019094919984545267,-0.0013478973743727932
2,h,55,UH,0.07812659561177276,-0.018288070135689505,-0.0014287846600107522
2,h,56,UH,0.08666057270837428,-0.017498324573812396,-0.0015164148290036014
2,h,57,UH,0.09611516499245353,-0.016726655369043275,-0.001607685240567503
2,h,58,UH,0.10644753085589219,-0.015973947111404097,-0.0017003872280315774
2,h,59,UH,0.11762882539905782,-0.015241004116412465,-0.0017927814121158033
2,h,60,UH,0.1296322023667538,-0.014528557887205473,-0.001883368956131317
2,h,61,UH,0.1424248851777096,-0.01383727478958352,-0.0019707722730788486
2,h,62,UH,0.15596256707018732,-0.013167763897962176,-0.0020536782601003173
2,h,63,UH,0.17018519645227756,-0.0125205849707698,-0.002130818212947892
2,h,64,UH,0.18501365238066725,-0.011896256513113934,-0.0022009698671485102
2,h,65,UH,0.20034707399335802,-0.011295263882302009,-0.002262973068802065
2,h,66,UH,0.21606076129190946,-0.010718067387802621,-0.002315753799386622
2,h,67,UH,0.23200465871120812,-0.010165110331135513,-0.0023583529531368704
2,h,68,UH,0.24800249223106513,-0.0096368269226568,-0.002389957094018312
2,h,69,UH,0.26385166861619974,-0.009133650000835714,-0.0024099287932768574
2,h,70,UH,0.2793240684617748,-0.008656018465011461,-0.0024178342943272486
2,h,71,UH,0.29416787605009015,-0.008204384314242058,-0.0024134663080192615
2,h,72,UH,0.3081105893048601,-0.0077792191622483575,-0.0023968598004120018
2,h,73,UH,0.32086334165364533,-0.007381020071069333,-0.002368298764815933
2,h,74,UH,0.3321266427502461,-0.007010314513372418,-0.0023283122239497064
2,h,75,UH,0.3415976045829744,-0.006667664234946302,-0.0022776581308212272
2,h,76,UH,0.3489786610903432,-0.0063536677443995215,-0.002217294462453446
2,h,77,UH,0.35398771077093316,-0.006068961106356852,-0.0021483376487970917
2,h,78,UH,0.35636951132313993,-0.005814216657657634,-0.002072009549016311
2,h,79,UH,0.35590803283833217,-0.005590139203896616,-0.001989575447351285
2,h,80,UH,0.3524393334629166,-0.005397459187470838,-0.0019022769184255175
2,h,81,UH,0.3458643639679691,-0.005236922250467346,-0.001811264783307594
2,h,82,UH,0.33616094496993404,-0.005109274549918913,-0.0017175385608115762
2,h,83,UH,0.3233940078137927,-0.005015243124625632,-0.0016218995742332517
2,h,84,UH,0.3077230688396383,-0.004955510569571497,-0.001524924920135805
2,h,85,UH,0.2894058446733335,-0.004930683256446244,-0.0014269685526484882
2,h,86,UH,0.26879694601982296,-0.004941252360801521,-0.0013281935440966892
2,h,87,UH,0.2463407435034066,-0.004987547035633436,-0.001228636045016152
2,h,88,UH,0.22255781141772848,-0.005069679229661478,-0.0011282967139433742
2,h,89,UH,0.19802484091728698,-0.005187479912365345,-0.0010272498844077693
2,h,90,UH,0.17334856651392666,-0.00534042686654615,-9.257553418882361e-4
2,h,91,UH,0.14913502691550526,-0.005527564774236493,-8.243535213829582e-4
2,h,92,UH,0.125956297721485,-0.005747419083312791,-7.239236291878903e-4
2,h,93,UH,0.10431755888906076,-0.005997906123902323,-6.256869252912388e-4
2,h,94,UH,0.08462783060789858,-0.006276243155337563,-5.311448426038902e-4
2,h,95,UH,0.06717775883202087,-0.006578863451240639,-4.4195330231624016e-4
2,h,96,UH,0.05212732777777265,-0.006901343119724845,-3.597485749087731e-4
2,h,97,UH,0.03950528648871311,-0.007238348001798976,-2.8595301151607263e-4
2,h,98,UH,0.029220505189465507,-0.007583610519063609,-2.215969305271834e-4
2,h,99,UH,0.021083685116824243,-0.007929947495853788,-1.671925159955302e-4
2,h,100,UH,0.014836212778386499,-0.008269330421384814,-1.226855456664496e-4
2,h,101,UH,0.010181881517548265,-0.008593018934874838,-8.74931006729444e-5
2,h,102,UH,0.00681699869179429,-0.00889176607279284,-6.061515768596964e-5
2,h,103,UH,0.0044551263268671456,-0.009156099620370388,-4.0791580470130394e-5
2,h,104,UH,0.0028441578163895887,-0.009376677527114137,-2.666875068050627e-5
2,h,105,UH,0.0017751828030177315,-0.009544706850407612,-1.694359946068913e-5
2,h,106,UH,0.0010841405241316352,-0.00965240561135285,-1.0464564078623214e-5
2,h,107,UH,6.482265237048051e-4,-0.00969347638465877,-6.283568499441976e-6
2,h,108,UH,3.792246683338217e-4,-0.009663551091518702,-3.6646569576081204e-6
2,h,109,UH,2.152530059281133e-4,-0.00956056045279471,-2.0579393758215055e-6
2,h,110,UH,1.095699451679152e-4,-0.00938498109698125,-1.0283118641981562e-6
2,u,50,HD,-2.1305148209489864,0.00387425197744104,-0.008254151258029054
2,u,51,HD,-2.122223229953563,0.00374294806305214,-0.007943371327918945
2,u,52,HD,-2.112203870757341,0.003584797439109489,-0.007571823026768066
2,u,53,HD,-2.100613094488689,0.00339706529977557,-0.007135919851541706
2,u,54,HD,-2.0874795593491107,0.0031767898592079107,-0.006631483895444053
2,u,55,HD,-2.072759016462785,0.00292076753898143,-0.006054047251415578
2,u,56,HD,-2.0563637609990666,0.002625537855598931,-0.005399060899384842
2,u,57,HD,-2.038178843605127,0.00228736815765972,-0.004662065386478078
2,u,58,HD,-2.0180713340760663,0.00190223840443738,-0.003838852794573671
2,u,59,HD,-1.9958959649408061,0.0014658262278698497,-0.0029256366535098353
2,u,60,HD,-1.971498948595204,9.734925795254496e-4,-0.0019192395969996568
2,u,61,HD,-1.9447209578067435,4.202683343453809e-4,-8.173046377039939e-4
2,u,62,HD,-1.9153998331215025,-1.991576946300897e-4,3.81466615059337e-4
2,u,63,HD,-1.8833733516605344,-8.904487801660588e-4,0.0016770475035833845
2,u,64,HD,-1.848482266505353,-0.0016596276813442296,0.0030677923379662055
2,u,65,HD,-1.81057375502482,-0.002513080629831691,0.004550117832634505
2,u,66,HD,-1.7695053714991382,-0.003457556963348693,0.006118165618909761
2,u,67,HD,-1.7251495694457128,-0.0045001632996088115,0.00776345477875554
2,u,68,HD,-1.6773988334784984,-0.0056483509540781705,0.009474537301447887
2,u,69,HD,-1.6261714338701487,-0.0069098950923676995,0.011236674010247886
2,u,70,HD,-1.5714177854488938,-0.008292863872820189,0.013031553782056237
2,u,71,HD,-1.5131273531911866,-0.00980557557783223,0.014837084620601423
2,u,72,HD,-1.451335997624226,-0.011456541456149199,0.0166272910235836
2,u,73,HD,-1.3861335922752716,-0.013254391707387538,0.01837235759078466
2,u,74,HD,-1.317671672016737,-0.015207781741844298,0.02003886319544158
2,u,75,HD,-1.2461707855183266,-0.0173252755545065,0.02159025224708083
2,u,76,HD,-1.1719271290672446,-0.019615202778268292,0.0229875882780078
2,u,77,HD,-1.0953179370483865,-0.02208548575018785,0.024190628690607296
2,u,78,HD,-1.016805003814611,-0.02474343276653953,0.025159246248567798
2,u,79,HD,-0.936935623855895,-0.02759549365748314,0.025855201065585358
2,u,80,HD,-0.8563401779371255,-0.030646973932014248,0.026244235110175526
2,u,81,HD,-0.7757255827301285,-0.03390170409362875,0.026298419163574543
2,u,82,HD,-0.69586388495103,-0.0373616613871661,0.025998630841098293
2,u,83,HD,-0.6175754447619064,-0.041026542304198124,0.025336985110558326
2,u,84,HD,-0.5417064422441128,-0.04489328576087019,0.02431898211016928
2,u,85,HD,-0.469100872692081,-0.048955549095150694,0.022965090803655205
2,u,86,HD,-0.40056777339212146,-0.05320314204580699,0.021311464146753663
2,u,87,HD,-0.3368451233332237,-0.057621427808183245,0.019409496956683932
2,u,88,HD,-0.27856261999550935,-0.062190705230363866,0.017324005788338585
2,u,89,HD,-0.22620626452605044,-0.06688559229484942,0.015129939983630268
2,u,90,HD,-0.1800882379332905,-0.07167443822680818,0.012907723285124365
2,u,91,HD,-0.14032575819001208,-0.07651879975872403,0.010737558591932662
2,u,92,HD,-0.10683230455017825,-0.08137302595846937,0.00869326789136476
2,u,93,HD,-0.07932366193829803,-0.08618400503552673,0.006836430879926697
2,u,94,HD,-0.05733966077599168,-0.09089113479058912,0.0052116668364373155
2,u,95,HD,-0.04028040909026747,-0.09542658458037824,0.0038438218649846454
2,u,96,HD,-0.027453558094950415,-0.09971591910450868,0.002737556778127005
2,u,97,HD,-0.018127183115999104,-0.1036791508323544,0.0018794109524493793
2,u,98,HD,-0.011581719828063821,-0.10723227601551005,0.0012419341773372452
2,u,99,HD,-0.007154478325088583,-0.11028932647605419,7.890625957615482e-4
2,u,100,HD,-0.004271684130452032,-0.11276493364879536,4.8169617753903555e-4
2,u,101,HD,-0.0024654903001941125,-0.11457735173122069,2.824893493152537e-4
2,u,102,HD,-0.0013763304986701313,-0.11565182431621521,1.591751330332469e-4
2,u,103,HD,-7.435363399903191e-4,-0.11592410761395805,8.619378669192626e-5
2,u,104,HD,-3.88653050556827e-4,-0.11534389123499486,4.4828755191575614e-5
2,u,105,HD,-1.9607917566004813e-4,-0.1138777966320402,2.2329064489593047e-5
2,u,106,HD,-9.473117927200044e-5,-0.11151159935366975,1.0563625309279978e-5
2,u,107,HD,-4.293444705019736e-5,-0.10825133132941861,4.6477110530762945e-6
2,u,108,HD,-1.7271726431329584e-5,-0.10412298811332393,1.798383765905913e-6
2,u,109,HD,-5.095311733279776e-6,-0.09917070023502933,5.053056325051164e-7
2,u,110,HD,0,-0.09345342100506054,-0
2,u,50,HU,2.084179526322233,-0.0023975583854075797,-0.0049969421000286675
2,u,51,HU,2.087767321217864,-0.0025464802532163596,-0.005316458256791706
2,u,52,HU,2.0878885133672744,-0.0026986491692760697,-0.005634478602139644
2,u,53,HU,2.0845936931618327,-0.0028530082062204103,-0.005947362913226021
2,u,54,HU,2.07782674628484,-0.00300824018584606,-0.006250601917399822
2,u,55,HU,2.0674789251971313,-0.0031627255065065,-0.006538868330885611
2,u,56,HU,2.0534195043004093,-0.0033144943080621993,-0.006806047259067609
2,u,57,HU,2.035514036704809,-0.0034611723457061505,-0.007045264893139379
2,u,58,HU,2.0136359524106022,-0.0035999199002767993,-0.007248928136995753
2,u,59,HU,1.9876745148953419,-0.003727363013389319,-0.007408784469477455
2,u,60,HU,1.9575407297728002,-0.0038395163039031694,-0.0075160095475171745
2,u,61,HU,1.9231720459788182,-0.00393169660191048,-0.007561328998064145
2,u,62,HU,1.8845362870406999,-0.00399842663279331,-0.007535180080568952
2,u,63,HU,1.8416350326635473,-0.0040333280036738695,-0.007427918149788727
2,u,64,HU,1.7945065530564208,-0.00402900279634681,-0.0072300719203269945
2,u,65,HU,1.7432283344728259,-0.003976903165372071,-0.006932650281331264
2,u,66,HU,1.6879191997089271,-0.0038671884910216996,-0.0065275017028889205
2,u,67,HU,1.6287410081947122,-0.0036885698611159173,-0.006007724994390569
2,u,68,HU,1.5658999091270598,-0.00342814197429462,-0.005368127206022605
2,u,69,HU,1.499647113333348,-0.0030712029953933184,-0.004605720706502322
2,u,70,HU,1.4302791425292447,-0.0026010634820811014,-0.0037202468468150894
2,u,71,HU,1.35813750674287,-0.0019988462775051598,-0.0027147080996931246
2,u,72,HU,1.2836077510618527,-0.0012432802696569004,-0.0015958841908738676
2,u,73,HU,1.207117801267719,-3.104922047004119e-4,-3.7480066744872775e-4
2,u,74,HU,1.129135524690048,8.261976344240765e-4,9.328890994431062e-4
2,u,75,HU,1.0501654087192867,0.00219646804815795,0.0023066547655326473
2,u,76,HU,0.9707442465760274,0.003833167510777502,0.0037210253072494127
2,u,77,HU,0.8914357107000984,0.005772449374235655,0.0051457675104021
2,u,78,HU,0.812823691973615,0.008053854700854124,0.006546363912567304
2,u,79,HU,0.7355042923510297,0.010720321463940814,0.007884842452111343
2,u,80,HU,0.6600763845994854,0.01381809390749257,0.009120997468513872
2,u,81,HU,0.5871307015536884,0.01739650025947663,0.010214019401925437
2,u,82,HU,0.5172374942996566,0.021507560842000173,0.011124516878413582
2,u,83,HU,0.4509329087164584,0.026205382116289172,0.011816869181724537
2,u,84,HU,0.3887043750373962,0.03154528569194007,0.012261790560261679
2,u,85,HU,0.33097548337256705,0.03758261537585082,0.012438924290427497
2,u,86,HU,0.2780910206750498,0.04437116076594512,0.012339221385938404
2,u,87,HU,0.2303030537846462,0.05196113388191173,0.011966807811117119
2,u,88,HU,0.18775913080280923,0.06039663745922784,0.011340020152757008
2,u,89,HU,0.1504938003993488,0.06971257187628377,0.010491309877274705
2,u,90,HU,0.11842466898716035,0.07993094479293653,0.009465795678934496
2,u,91,HU,0.091354080758515685,0.09105657644853726,0.00831838983847363
2,u,92,HU,0.06897717657141374,0.10307223746331712,0.007109631923117911
2,u,93,HU,0.050896550306547314,0.1159333180876436,0.0059006059562527035
2,u,94,HU,0.03664300216313819,0.12956221063212825,0.0047475483644540415
2,u,95,HU,0.025701067538719348,0.14384269114191064,0.0036969107199893926
2,u,96,HU,0.017537212964426434,0.1586147101754294,0.002781659951637282
2,u,97,HU,0.011628010930471855,0.17367013916550803,0.0020194382765130955
2,u,98,HU,0.00748540723665512,0.18875015522994062,0.001412871777877975
2,u,99,HU,0.004676495986607934,0.2035450623390848,9.518776671225918e-4
2,u,100,HU,0.002836024515881801,0.21769741035991722,6.17395192824706e-4
2,u,101,HU,0.0016710250030720572,0.23080924745998693,3.856880234458839e-4
2,u,102,HU,9.582453339281072e-4,0.24245418298398486,2.3233058953575498e-4
2,u,103,HU,5.361097906737692e-4,0.2521946077109106,1.3520399834894963e-4
2,u,104,HU,2.9351894656230265e-4,0.25960389228441066,7.61986609867937e-5
2,u,105,HU,1.5779433038760242e-4,0.264292670047147,4.170388489644111e-5
2,u,106,HU,8.357830964277132e-5,0.26593746363155973,2.2226603681011738e-5
2,u,107,HU,4.3748906977580356e-5,0.2643090527192395,1.1563232160746391e-5
2,u,108,HU,2.267012654374555e-5,0.259297281412563,5.8783021820720035e-6
2,u,109,HU,1.155185832098679e-5,0.2509286847044793,2.89869261437771e-6
2,u,110,HU,5.3416823846947064e-6,0.23937358241132384,1.2786576485278352e-6
2,u,50,UD,-0.035321434837659774,-0.07591026313934701,0.002681259412986052
2,u,51,UD,-0.035282014463668465,-0.07717933817792538,0.002723042525889923
2,u,52,UD,-0.037010594946141874,-0.07841367020692172,0.002902136586268733
2,u,53,UD,-0.03992884556923686,-0.07960995171691304,0.0031787334678790233
2,u,54,UD,-0.04372834730171567,-0.08076475491560423,0.003531709252687489
2,u,55,UD,-0.04824893175205258,-0.08187452859415001,0.003950358542370622
2,u,56,UD,-0.05341266563838279,-0.08293559507019777,0.004429811209004781
2,u,57,UD,-0.059187370523686084,-0.08394414723620383,0.004968433345764055
2,u,58,UD,-0.06556599655442122,-0.0848962457438536,0.005566306955924802
2,u,59,UD,-0.07255458099876987,-0.08578781635781757,0.006224299070640869
2,u,60,UD,-0.0801648762502182,-0.08661464751459512,0.006943452499463787
2,u,61,UD,-0.08840951024132243,-0.08737238812485576,0.007724550042733234
2,u,62,UD,-0.09729849822412408,-0.0880565456604687,0.008567769651567613
2,u,63,UD,-0.10683644662790817,-0.08866248457034123,0.009472384800696993
2,u,64,UD,-0.11702007975475331,-0.08918542507225463,0.010436485554916813
2,u,65,UD,-0.1278358855997528,-0.08962044237111018,0.01145670861835248
2,u,66,UD,-0.13925777560790886,-0.08996246635738425,0.012527972953130666
2,u,67,UD,-0.15124471605136608,-0.09020628184315978,0.0136432234834182
2,u,68,UD,-0.16373833330434473,-0.09034652939686574,0.014793190143274782
2,u,69,UD,-0.17666053140743204,-0.09037770684185034,0.015966173718066388
2,u,70,UD,-0.18991119353111707,-0.09029417148818089,0.017147873876223796
2,u,71,UD,-0.20336607238487941,-0.09009014317164234,0.018321278577408364
2,u,72,UD,-0.2168750097807277,-0.08975970817888732,0.019466637589211452
2,u,73,UD,-0.23026066271105045,-0.08929682414315243,0.02056154590519441
2,u,74,UD,-0.2433179515172509,-0.08869532600101664,0.02158116503172213
2,u,75,UD,-0.25581448277508984,-0.08794893310750705,0.022498610833517892
2,u,76,UD,-0.267492231627991,-0.08705125761461822,0.023285535165357373
2,u,77,UD,-0.27807078986741623,-0.08599581422726471,0.02391292398746709
2,u,78,UD,-0.2872524894576876,-0.08477603146108756,0.02435212608354065
2,u,79,UD,-0.29472968671026906,-0.08338526453873918,0.024576112893755508
2,u,80,UD,-0.30019442841041194,-0.08181681007563812,0.02456095053501942
2,u,81,UD,-0.3033506054206796,-0.08006392272314805,0.024287439430421467
2,u,82,UD,-0.3039285198816699,-0.07811983395714453,0.023742845507996754
2,u,83,UD,-0.30170154079172373,-0.07597777322342067,0.022922611247430186
2,u,84,UD,-0.29650419854077836,-0.07363099167876294,0.02183189817547433
2,u,85,UD,-0.2882506833946093,-0.07107278879804144,0.020486779941796176
2,u,86,UD,-0.2769522955491994,-0.06829654215338038,0.01891488412745136
2,u,87,UD,-0.26273199790589474,-0.06529574071103175,0.01715528041175464
2,u,88,UD,-0.24583392540827284,-0.06206402203407338,0.015257442163261798
2,u,89,UD,-0.22662560734279244,-0.058595213822748043,0.013279175919961063
2,u,90,UD,-0.20559087273388707,-0.05488338026625167,0.011283522047524476
2,u,91,UD,-0.18331203243478733,-0.050922873715684575,0.00933477547824215
2,u,92,UD,-0.1604410156420143,-0.046708392211388616,0.007493941885400739
2,u,93,UD,-0.13766064461622898,-0.042235043400442984,0.005814103299899389
2,u,94,UD,-0.11563899339397031,-0.03749841535053272,0.004336279005004608
2,u,95,UD,-0.09498148610651796,-0.03249465469101209,0.003086390593070464
2,u,96,UD,-0.07618662720500305,-0.02722055237475074,0.002073842076089395
2,u,97,UD,-0.05961157422787709,-0.02167363713797449,0.0012919996290384399
2,u,98,UD,-0.045452837803215095,-0.015852276423113154,7.205309490714929e-4
2,u,99,UD,-0.033745178761722165,-0.009755784108486598,3.2921067870164857e-4
2,u,100,UD,-0.024378617885167438,-0.0033845338533289304,8.251025752971933e-5
2,u,101,UD,-0.017130108078494067,0.003259923774637241,-5.5842846587188277e-5
2,u,102,UD,-0.01170376118403242,0.010174742941087833,-1.1908276149141164e-4
2,u,103,UD,-0.0077723593076495815,0.017355666251970436,-1.3489447413396214e-4
2,u,104,UD,-0.005013537339750117,0.024796914505512746,-1.2432025678397947e-4
2,u,105,UD,-0.0031361965212775484,0.03249108698357733,-1.0189843397042147e-4
2,u,106,UD,-0.0018955859374250557,0.04042907698863768,-7.66367898027365e-5
2,u,107,UD,-0.0010981062811117105,0.048600007110354726,-5.336797306995432e-5
2,u,108,UD,-5.985429966555321e-4,0.056991187945768185,-3.411167641601872e-5
2,u,109,UD,-2.9290885946694665e-4,0.06558810266316473,-1.9211336345668588e-5
2,u,110,UD,-1.095699451679152e-4,0.07437441796079969,-8.14920089786043e-6
2,u,50,UH,-0.01746655991237841,-0.022470482755785504,3.9248203331399337e-4
2,u,51,UH,-0.017496627588270246,-0.02160691990325092,3.7804823087676554e-4
2,u,52,UH,-0.018398165800594404,-0.020755565796054642,3.818643408009595e-4
2,u,53,UH,-0.019888006464691414,-0.019917807667153176,3.9612548764682255e-4
2,u,54,UH,-0.02181350492074043,-0.019094919984545267,4.1652713104402294e-4
2,u,55,UH,-0.02409369967771705,-0.018288070135689505,4.40627269534329e-4
2,u,56,UH,-0.026687200350585718,-0.017498324573812396,4.6698129370090886e-4
2,u,57,UH,-0.02957432654752445,-0.016726655369043275,4.946795679319889e-4
2,u,58,UH,-0.03274693288377666,-0.015973947111404097,5.23097773946148e-4
2,u,59,UH,-0.03620241999486263,-0.015241004116412465,5.517612321657943e-4
2,u,60,UH,-0.039940042148462175,-0.014528557887205473,5.802712143713591e-4
2,u,61,UH,-0.04395848037378019,-0.01383727478958352,6.082655722645106e-4
2,u,62,UH,-0.0482541139586578,-0.013167763897962176,6.353987797129668e-4
2,u,63,UH,-0.052819677857167235,-0.0125205849707698,6.613332647393504e-4
2,u,64,UH,-0.05764313599632473,-0.011896256513113934,6.857375320325904e-4
2,u,65,UH,-0.06270668211898564,-0.011295263882302009,7.082885217175718e-4
2,u,66,UH,-0.06798582827078584,-0.010718067387802621,7.286766888218592e-4
2,u,67,UH,-0.07344857132427152,-0.010165110331135513,7.46612831175496e-4
2,u,68,UH,-0.07905464824245828,-0.0096368269226568,7.61835962544085e-4
2,u,69,UH,-0.08475490562371514,-0.009133650000835714,7.741216438208766e-4
2,u,70,UH,-0.09049082087822619,-0.008656018465011461,7.832902164359706e-4
2,u,71,UH,-0.0961942223996826,-0.008204384314242058,7.892143693766679e-4
2,u,72,UH,-0.1017872648020266,-0.0077792191622483575,7.918254408207731e-4
2,u,73,UH,-0.10718272265554005,-0.007381020071069333,7.911178271923988e-4
2,u,74,UH,-0.11228467172350824,-0.007010314513372418,7.871508638125673e-4
2,u,75,UH,-0.1169896296256422,-0.006667664234946302,7.800475693145089e-4
2,u,76,UH,-0.1211882269060963,-0.0063536677443995215,7.699897282942343e-4
2,u,77,UH,-0.12476747304393465,-0.006068961106356852,7.572089412420663e-4
2,u,78,UH,-0.12761366803389643,-0.005814216657657634,7.419735144274721e-4
2,u,79,UH,-0.12961598653440437,-0.005590139203896616,7.245714077777097e-4
2,u,80,UH,-0.13067072589249024,-0.005397459187470838,7.052899100019049e-4
2,u,81,UH,-0.13068615952486506,-0.005236922250467346,6.84393256643891e-4
2,u,82,UH,-0.12958787184538545,-0.005109274549918913,6.621000155977815e-4
2,u,83,UH,-0.12732437038097888,-0.005015243124625632,6.385626731504918e-4
2,u,84,UH,-0.12387267758397742,-0.004955510569571497,6.138523630485224e-4
2,u,85,UH,-0.11924350538024739,-0.004930683256446244,5.879519554183435e-4
2,u,86,UH,-0.11348552058982375,-0.004941252360801521,5.607605965312562e-4
2,u,87,UH,-0.10668813528090298,-0.004987547035633436,5.321120928575266e-4
2,u,88,UH,-0.09898222434934806,-0.005069679229661478,5.018081268895825e-4
2,u,89,UH,-0.09053820822563866,-0.005187479912365345,4.6966513647205135e-4
2,u,90,UH,-0.08156106649278017,-0.00534042686654615,4.355709107622001e-4
2,u,91,UH,-0.0722820867411589,-0.005527564774236493,3.995439164787366e-4
2,u,92,UH,-0.062947505416856675,-0.005747419083312791,3.617856938797773e-4
2,u,93,UH,-0.05380464217619162,-0.005997906123902323,3.227151928029529e-4
2,u,94,UH,-0.045086612281063,-0.006276243155337563,2.8297454172638014e-4
2,u,95,UH,-0.03699713486374329,-0.006578863451240639,2.4339909835570159e-4
2,u,96,UH,-0.0296972262282897,-0.006901343119724845,2.0495074790551933e-4
2,u,97,UH,-0.023295564318008544,-0.007238348001798976,1.6862140143203668e-4
2,u,98,UH,-0.01784395729172285,-0.007583610519063609,1.353216222192312e-4
2,u,99,UH,-0.013338647256679891,-0.007929947495853788,1.057747724111857e-4
2,u,100,UH,-0.009727235797898253,-0.008269330421384814,8.043772689954341e-5
2,u,101,UH,-0.006920036989078271,-0.008593018934874838,5.9464008877183844e-5
2,u,102,UH,-0.004803902442323444,-0.00889176607279284,4.271517675365826e-5
2,u,103,UH,-0.003256242348267725,-0.009156099620370388,2.9814479328808097e-5
2,u,104,UH,-0.0021571806006824984,-0.009376677527114137,2.0227186860346157e-5
2,u,105,UH,-0.0013984489417308398,-0.009544706850407612,1.3347785194083622e-5
2,u,106,UH,-8.8851058570596e-4,-0.00965240561135285,8.576264563214615e-6
2,u,107,UH,-5.542119370283963e-4,-0.00969347638465877,5.372240323680753e-6
2,u,108,UH,-3.3971997955430496e-4,-0.009663551091518702,3.2829013792327146e-6
2,u,109,UH,-2.0325626725106898e-4,-0.00956056045279471,1.9432438304632426e-6
2,u,110,UH,-1.095699451679152e-4,-0.00938498109698125,1.0283118641981562e-6
2,t,50,HD,-27.18397704643762,0.00387425197744104,-0.10531757682687279
2,t,51,HD,-26.205119716767936,0.00374294806305214,-0.09808440208592599
2,t,52,HD,-25.225449023215518,0.003584797439109489,-0.090428125058809955
2,t,53,HD,-24.249229380276855,0.00339706529977557,-0.08237621567403676
2,t,54,HD,-23.278976553518948,0.0031767898592079107,-0.07395241664795771
2,t,55,HD,-22.31629659966977,0.00292076753898143,-0.06518071469859713
2,t,56,HD,-21.362324403144306,0.002625537855598931,-0.05608759140404022
2,t,57,HD,-20.417956224474395,0.00228736815765972,-0.04670338291235281
2,t,58,HD,-19.483974882364034,0.00190223840443738,-0.03706316529232615
2,t,59,HD,-18.56111825197753,0.0014658262278698497,-0.027207373952342438
2,t,60,HD,-17.650117449682558,9.734925795254496e-4,-0.017182258365018622
2,t,61,HD,-16.751718583860907,4.202683343453809e-4,-0.007040216866661787
2,t,62,HD,-15.866695452298428,-1.991576946300897e-4,0.0031599744876774833
2,t,63,HD,-14.99585714161531,-8.904487801660588e-4,0.013353042699295834
2,t,64,HD,-14.140052654611992,-0.0016596276813442296,0.02346722280125902
2,t,65,HD,-13.300173698585652,-0.002513080629831691,0.03342440889531252
2,t,66,HD,-12.477156217564739,-0.003457556963348693,0.0431404783628304
2,t,67,HD,-11.671980936916414,-0.0045001632996088115,0.052525820246044914
2,t,68,HD,-10.88567299983362,-0.0056483509540781705,0.06148610147439321
2,t,69,HD,-10.119300652751752,-0.0069098950923676995,0.0699233059186426
2,t,70,HD,-9.373972848994844,-0.008292863872820189,0.07773708078422668
2,t,71,HD,-8.650835570053829,-0.00980557557783223,0.08482642199356219
2,t,72,HD,-7.951066603539465,-0.011456541456149199,0.09109172416405328
2,t,73,HD,-7.275868462991239,-0.013254391707387538,0.09643721061991359
2,t,74,HD,-6.626459088020036,-0.015207781741844298,0.10077374353186933
2,t,75,HD,-6.004059927397305,-0.0173252755545065,0.10402199268792861
2,t,76,HD,-5.409880989174111,-0.019615202778268292,0.10611591260894883
2,t,77,HD,-4.845102450017309,-0.02208548575018785,0.10700644111805753
2,t,78,HD,-4.310852462740333,-0.02474343276653953,0.10666528807828678
2,t,79,HD,-3.8081809009949854,-0.02759549365748314,0.10508863189995554
2,t,80,HD,-3.3380289494522613,-0.030646973932014248,0.10230048619817235
2,t,81,HD,-2.901194702780447,-0.03390170409362875,0.09835544433166592
2,t,82,HD,-2.4982952909524334,-0.0373616613871661,0.09334046270571643
2,t,83,HD,-2.129726508816341,-0.041026542304198124,0.0873753147103258
2,t,84,HD,-1.7956214891265454,-0.04489328576087019,0.08061134862971726
2,t,85,HD,-1.4958105959391041,-0.048955549095150694,0.07322822906654343
2,t,86,HD,-1.229785378570799,-0.05320314204580699,0.06542844618195875
2,t,87,HD,-0.9966700317088086,-0.057621427808183245,0.05742955028068882
2,t,88,HD,-0.795204236217455,-0.062190705230363866,0.04945431225253638
2,t,89,HD,-0.623741359282611,-0.06688559229484942,0.041719310254411904
2,t,90,HD,-0.4802656101540908,-0.07167443822680818,0.03442276780744972
2,t,91,HD,-0.36243073578746254,-0.07651879975872403,0.02773276489812786
2,t,92,HD,-0.26762112140541333,-0.08137302595846937,0.021777140459157383
2,t,93,HD,-0.19303377837800115,-0.08618400503552673,0.016636424127756403
2,t,94,HD,-0.1357768733364955,-0.09089113479058912,0.012340914095872157
2,t,95,HD,-0.0929775933478272,-0.09542658458037824,0.008872534175686444
2,t,96,HD,-0.061889834875899184,-0.09971591910450868,0.006171401767876563
2,t,97,HD,-0.0399910930229883,-0.1036791508323544,0.00414624256548112
2,t,98,HD,-0.025058537551064394,-0.10723227601551005,0.0026870840152207606
2,t,99,HD,-0.01521678642496584,-0.11028932647605419,0.001678249125939447
2,t,100,HD,-0.008954018791644217,-0.11276493364879536,0.001009699334929827
2,t,101,HD,-0.005107975560483872,-0.11457735173122069,5.852583124280397e-4
2,t,102,HD,-0.0028279060248928047,-0.11565182431621521,3.2705249077366914e-4
2,t,103,HD,-0.001521494999214587,-0.11592410761395805,1.7637795002305078e-4
2,t,104,HD,-7.965639066856508e-4,-0.11534389123499486,9.18787806144723e-5
2,t,105,HD,-4.0592431232498033e-4,-0.1138777966320402,4.622576628694488e-5
2,t,106,HD,-2.0090468051763634e-4,-0.11151159935366975,2.2403202242159684e-5
2,t,107,HD,-9.584621922607607e-5,-0.10825133132941861,1.0375480834114053e-5
2,t,108,HD,-4.322556967106581e-5,-0.10412298811332393,4.500775477052041e-6
2,t,109,HD,-1.750706077003608e-5,-0.09917070023502933,1.73618747562169e-6
2,t,110,HD,-5.3416823846947064e-6,-0.09345342100506054,4.991984927721901e-7
2,t,50,HU,-4.567756591413411,-0.0023975583854075797,0.010951463118243967
2,t,51,HU,-4.604216866643477,-0.0025464802532163596,0.011724547332433315
2,t,52,HU,-4.629552817490971,-0.0026986491692760697,0.012493538865041698
2,t,53,HU,-4.6436251718368755,-0.0028530082062204103,0.013248300721862269
2,t,54,HU,-4.646098316409078,-0.00300824018584606,0.013976579662813512
2,t,55,HU,-4.636559561433655,-0.0031627255065065,0.014664165187382812
2,t,56,HU,-4.614590175078114,-0.0033144943080621993,0.015295032869336159
2,t,57,HU,-4.579810480252429,-0.0034611723457061505,0.015851513382824912
2,t,58,HU,-4.531910646945946,-0.0035999199002767993,0.016314515324217013
2,t,59,HU,-4.470673255666958,-0.003727363013389319,0.01666382213812183
2,t,60,HU,-4.39599077326897,-0.0038395163039031694,0.01687847824577411
2,t,61,HU,-4.3078795166882795,-0.00393169660191048,0.01693727525720307
2,t,62,HU,-4.206490838969808,-0.00399842663279331,0.016819345001137954
2,t,63,HU,-4.0921198204951,-0.0040333280036738695,0.016504861466391775
2,t,64,HU,-3.9652115098744116,-0.00402900279634681,0.01597584826139056
2,t,65,HU,-3.8263646389082875,-0.003976903165372071,0.015217081644342129
2,t,66,HU,-3.676332682841918,-0.0038671884910216996,0.014217071440253193
2,t,67,HU,-3.5160221222801216,-0.0036885698611159173,0.01296909323125928
2,t,68,HU,-3.3464877705557363,-0.00342814197429462,0.011472235192705743
2,t,69,HU,-3.1689250510341536,-0.0030712029953933184,0.009732412108913017
2,t,70,HU,-2.9846591379501772,-0.0026010634820811014,0.007763287890181866
2,t,71,HU,-2.7951309097585484,-0.0019988462775051598,0.005587037014110485
2,t,72,HU,-2.6018797054011613,-0.0012432802696569004,0.0032348657017459725
2,t,73,HU,-2.4065229226119667,-3.104922047004119e-4,7.472066079038682e-4
2,t,74,HU,-2.2107325558685282,8.261976344240765e-4,-0.0018265020080028705
2,t,75,HU,-2.0162088432749257,0.00219646804815795,-0.004428538302666873
2,t,76,HU,-1.8246512805303639,0.003833167510777502,-0.006994194007027556
2,t,77,HU,-1.6377273702823125,0.005772449374235655,-0.00945369833375474
2,t,78,HU,-1.4570396100009613,0.008053854700854124,-0.011734785312336902
2,t,79,HU,-1.2840913827960452,0.010720321463940814,-0.013765872412649883
2,t,80,HU,-1.1202526021259516,0.01381809390749257,-0.01547975565628931
2,t,81,HU,-0.9667261674309509,0.01739650025947663,-0.016817652022555384
2,t,82,HU,-0.8245165015149217,0.021507560842000173,-0.017733338821565307
2,t,83,HU,-0.694401642466464,0.026205382116289172,-0.0181970603830125
2,t,84,HU,-0.5769105248004749,0.03154528569194007,-0.018198807323518057
2,t,85,HU,-0.4723071694323507,0.03758261537585082,-0.017750538688032842
2,t,86,HU,-0.3805834664708608,0.04437116076594512,-0.016886930175639248
2,t,87,HU,-0.301462032848843,0.05196113388191173,-0.015664309049172
2,t,88,HU,-0.23441021828843958,0.06039663745922784,-0.014157588970705345
2,t,89,HU,-0.1786656944389837,0.06971257187628377,-0.012455245065403804
2,t,90,HU,-0.13327319975794405,0.07993094479293653,-0.010652652772230228
2,t,91,HU,-0.0971309769785438,0.09105657644853726,-0.008844414230767886
2,t,92,HU,-0.06904433406163267,0.10307223746331712,-0.0071165539958971975
2,t,93,HU,-0.04778273960429029,0.1159333180876436,-0.005539611549643231
2,t,94,HU,-0.03213612368237117,0.12956221063212825,-0.004163627225435498
2,t,95,HU,-0.020965792562751776,0.14384269114191064,-0.003015776024149271
2,t,96,HU,-0.013245730919888949,0.1586147101754294,-0.0021009677709199095
2,t,97,HU,-0.008091103697159879,0.17367013916550803,-0.0014051831050883128
2,t,98,HU,-0.004772377145366637,0.18875015522994062,-9.007869270037735e-4
2,t,99,HU,-0.002715390681836424,0.2035450623390848,-5.527043656093648e-4
2,t,100,HU,-0.0014895479320930103,0.21769741035991722,-3.242707274236182e-4
2,t,101,HU,-7.876581833030275e-4,0.23080924745998693,-1.8179879254387221e-4
2,t,102,HU,-4.015568823397289e-4,0.24245418298398486,-9.735914582927512e-5
2,t,103,HU,-1.9738501317354218e-4,0.2521946077109106,-4.97794359653144e-5
2,t,104,HU,-9.347424531949385e-5,0.25960389228441066,-2.426627791328846e-5
2,t,105,HU,-4.2508857922638876e-5,0.264292670047147,-1.1234779561029048e-5
2,t,106,HU,-1.840205376523033e-5,0.26593746363155973,-4.893795503936948e-6
2,t,107,HU,-7.421412517917557e-6,0.2643090527192395,-1.9615465124494953e-6
2,t,108,HU,-2.636219085135585e-6,0.259297281412563,-6.83564441983571e-7
2,t,109,HU,-6.818221518352196e-7,0.2509286847044793,-1.7108873576238944e-7
2,t,110,HU,0,0.23937358241132384,0
2,t,50,UD,-0.1895362489556303,-0.07591026313934701,0.01438774653266668
2,t,51,UD,-0.18102733427141024,-0.07717933817792538,0.013971569851181512
2,t,52,UD,-0.18148800128874387,-0.07841367020692172,0.014231140279568946
2,t,53,UD,-0.1870467058020429,-0.07960995171691304,0.014890779217708275
2,t,54,UD,-0.19561225777822153,-0.08076475491560423,0.01579857605794606
2,t,55,UD,-0.20603367192226923,-0.08187452859415001,0.016868909763157556
2,t,56,UD,-0.21766138766420182,-0.08293559507019777,0.01805187670973558
2,t,57,UD,-0.23011508921116466,-0.08394414723620383,0.019316814930014185
2,t,58,UD,-0.24315926789298395,-0.0848962457438536,0.020643308961938295
2,t,59,UD,-0.25663568348251675,-0.08578781635781757,0.022016214885461145
2,t,60,UD,-0.2704262394368961,-0.08661464751459512,0.023422873407524258
2,t,61,UD,-0.2844323036789877,-0.08737238812485576,0.02485152963228735
2,t,62,UD,-0.29856301842633354,-0.0880565456604687,0.026290428064585796
2,t,63,UD,-0.31272857136507326,-0.08866248457034123,0.027727292133360663
2,t,64,UD,-0.32683622740087503,-0.08918542507225463,0.029149027869759116
2,t,65,UD,-0.34078790564221145,-0.08962044237111018,0.030541562858379143
2,t,66,UD,-0.35447862526614726,-0.08996246635738425,0.03188977139991759
2,t,67,UD,-0.36779544427300404,-0.09020628184315978,0.03317745950672077
2,t,68,UD,-0.3806166874788031,-0.09034652939686574,0.03438739674424135
2,t,69,UD,-0.3928113640438852,-0.09037770684185034,0.03550139030370561
2,t,70,UD,-0.4042387428921874,-0.09029417148818089,0.03650040237287384
2,t,71,UD,-0.4147481043728707,-0.09009014317164234,0.03736471610311918
2,t,72,UD,-0.42417872814021224,-0.08975970817888732,0.03807415885355703
2,t,73,UD,-0.4323602153993181,-0.08929682414315243,0.038608394121008416
2,t,74,UD,-0.4391132802411132,-0.08869532600101664,0.03894729554236131
2,t,75,UD,-0.44425117934769093,-0.08794893310750705,0.039071417255381186
2,t,76,UD,-0.4475819794699834,-0.08705125761461822,0.03896257419850229
2,t,77,UD,-0.4489118833800605,-0.08599581422726471,0.038604542927563205
2,t,78,UD,-0.4480498410867814,-0.08477603146108756,0.03798388742410826
2,t,79,UD,-0.44481365561679453,-0.08338526453873918,0.03709090434405004
2,t,80,UD,-0.4390377415913243,-0.08181681007563812,0.03592066751981447
2,t,81,UD,-0.43058259930459286,-0.08006392272314805,0.03447413195665514
2,t,82,UD,-0.4193459168246084,-0.07811983395714453,0.03275923339294495
2,t,83,UD,-0.4052750007098574,-0.07597777322342067,0.030791892097055195
2,t,84,UD,-0.3883799618604694,-0.07363099167876294,0.02859680173994649
2,t,85,UD,-0.3687467576200405,-0.07107278879804144,0.026207860424291716
2,t,86,UD,-0.34654884162242094,-0.06829654215338038,0.023668087570070814
2,t,87,UD,-0.32205584690202943,-0.06529574071103175,0.021028875073786653
2,t,88,UD,-0.29563749607852147,-0.06206402203407338,0.01834845207071564
2,t,89,UD,-0.2677608852513984,-0.058595213822748043,0.01568950632467399
2,t,90,UD,-0.23897952427360047,-0.05488338026625167,0.013116004106555937
2,t,91,UD,-0.20991312067739512,-0.050922873715684575,0.010689379335520248
2,t,92,UD,-0.1812181074712904,-0.046708392211388616,0.008464406439574607
2,t,93,UD,-0.1535502921095677,-0.042235043400442984,0.0064852032513982895
2,t,94,UD,-0.1275225833126449,-0.03749841535053272,0.004781894795630471
2,t,95,UD,-0.10366224287814957,-0.03249465469101209,0.0033684687868212977
2,t,96,UD,-0.08237312067683636,-0.02722055237475074,0.0022422418456554873
2,t,97,UD,-0.06390845842225798,-0.02167363713797449,0.001385128737891349
2,t,98,UD,-0.048358809139963946,-0.015852276423113154,7.665972099792793e-4
2,t,99,UD,-0.03565740428544986,-0.009755784108486598,3.4786593807787367e-4
2,t,100,UD,-0.0256022709785422,-0.0033845338533289304,8.665175284897688e-5
2,t,101,UD,-0.0178912679341638,0.003259923774637241,-5.8324169696985494e-5
2,t,102,UD,-0.012163841721054086,0.010174742941087833,-1.2376396268780473e-4
2,t,103,UD,-0.008042425423516884,0.017355666251970436,-1.39581651506921e-4
2,t,104,UD,-0.005167269083658851,0.024796914505512746,-1.2813232969446773e-4
2,t,105,UD,-0.0032207618383322876,0.03249108698357733,-1.046460530426408e-4
2,t,106,UD,-0.001940162662797779,0.04042907698863768,-7.843898566473169e-5
2,t,107,UD,-0.001120167034851952,0.048600007110354726,-5.444012585858984e-5
2,t,108,UD,-6.082459806550563e-4,0.056991187945768185,-3.4664661000770394e-5
2,t,109,UD,-2.960419961982281e-4,0.06558810266316473,-1.9416832839257606e-5
2,t,110,UD,-1.095699451679152e-4,0.07437441796079969,-8.14920089786043e-6
2,t,50,UH,0.038280288795404155,-0.022470482755785504,-8.601765692636181e-4
2,t,51,UH,0.038585845765753794,-0.02160691990325092,-8.337212788598359e-4
2,t,52,UH,0.04079493697747305,-0.020755565796054642,-8.467219985818444e-4
2,t,53,UH,0.04430237304278651,-0.019917807667153176,-8.824061454646933e-4
2,t,54,UH,0.048775812838314454,-0.019094919984545267,-9.313702433287703e-4
2,t,55,UH,0.05403289593405571,-0.018288070135689505,-9.88157390476423e-4
2,t,56,UH,0.05997337235778856,-0.017498324573812396,-0.0010494335353026926
2,t,57,UH,0.06654083844492907,-0.016726655369043275,-0.001113005672635514
2,t,58,UH,0.07370059797211552,-0.015973947111404097,-0.0011772894540854294
2,t,59,UH,0.08142640540419518,-0.015241004116412465,-0.0012410201799500091
2,t,60,UH,0.08969216021829163,-0.014528557887205473,-0.0013030977417599577
2,t,61,UH,0.09846640480392942,-0.01383727478958352,-0.001362506700814338
2,t,62,UH,0.10770845311152953,-0.013167763897962176,-0.0014182794803873503
2,t,63,UH,0.11736551859511032,-0.0125205849707698,-0.0014694849482085417
2,t,64,UH,0.1273705163843425,-0.011896256513113934,-0.0015152323351159194
2,t,65,UH,0.13764039187437238,-0.011295263882302009,-0.0015546845470844933
2,t,66,UH,0.14807493302112362,-0.010718067387802621,-0.0015870771105647625
2,t,67,UH,0.1585560873869366,-0.010165110331135513,-0.0016117401219613746
2,t,68,UH,0.16894784398860685,-0.0096368269226568,-0.001628121131474227
2,t,69,UH,0.1790967629924846,-0.009133650000835714,-0.0016358071494559803
2,t,70,UH,0.18883324758354864,-0.008656018465011461,-0.001634544077891278
2,t,71,UH,0.1979736536504075,-0.008204384314242058,-0.0016242519386425933
2,t,72,UH,0.20632332450283355,-0.0077792191622483575,-0.001605034359591229
2,t,73,UH,0.21368061899810528,-0.007381020071069333,-0.001577180937623534
2,t,74,UH,0.2198419710267379,-0.007010314513372418,-0.0015411613601371392
2,t,75,UH,0.22460797495733217,-0.006667664234946302,-0.0014976105615067184
2,t,76,UH,0.22779043418424688,-0.0063536677443995215,-0.0014473047341592115
2,t,77,UH,0.22922023772699848,-0.006068961106356852,-0.0013911287075550251
2,t,78,UH,0.22875584328924348,-0.005814216657657634,-0.0013300360345888387
2,t,79,UH,0.22629204630392782,-0.005590139203896616,-0.0012650040395735752
2,t,80,UH,0.22176860757042638,-0.005397459187470838,-0.0011969870084236126
2,t,81,UH,0.21517820444310404,-0.005236922250467346,-0.001126871526663703
2,t,82,UH,0.2065730731245486,-0.005109274549918913,-0.0010554385452137946
2,t,83,UH,0.1960696374328138,-0.005015243124625632,-9.833369010827599e-4
2,t,84,UH,0.18385039125566088,-0.004955510569571497,-9.110725570872827e-4
2,t,85,UH,0.1701623392930861,-0.004930683256446244,-8.390165972301445e-4
2,t,86,UH,0.1553114254299992,-0.004941252360801521,-7.674329475654329e-4
2,t,87,UH,0.1396526082225036,-0.004987547035633436,-6.965239521586255e-4
2,t,88,UH,0.12357558706838041,-0.005069679229661478,-6.264885870537917e-4
2,t,89,UH,0.1074866326916483,-0.005187479912365345,-5.575847479357178e-4
2,t,90,UH,0.0917875000211465,-0.00534042686654615,-4.90184431126036e-4
2,t,91,UH,0.07685294017434635,-0.005527564774236493,-4.248096049042215e-4
2,t,92,UH,0.06300879230462834,-0.005747419083312791,-3.621379353081131e-4
2,t,93,UH,0.050512916712869144,-0.005997906123902323,-3.0297173248828587e-4
2,t,94,UH,0.039541218326835575,-0.006276243155337563,-2.4817030087751e-4
2,t,95,UH,0.030180623968277576,-0.006578863451240639,-1.9855420396053857e-4
2,t,96,UH,0.022430101549482953,-0.006901343119724845,-1.5479782700325378e-4
2,t,97,UH,0.016209722170704568,-0.007238348001798976,-1.1733161008403598e-4
2,t,98,UH,0.011376547897742655,-0.007583610519063609,-8.627530830795219e-5
2,t,99,UH,0.00774503786014435,-0.007929947495853788,-6.141774358434447e-5
2,t,100,UH,0.005108976980488246,-0.008269330421384814,-4.224781876690618e-5
2,t,101,UH,0.0032618445284699933,-0.008593018934874838,-2.802909179576054e-5
2,t,102,UH,0.0020130962494708457,-0.00889176607279284,-1.7899980932311377e-5
2,t,103,UH,0.0011988839785994204,-0.009156099620370388,-1.0977101141322294e-5
2,t,104,UH,6.869772157070904e-4,-0.009376677527114137,-6.441563820160115e-6
2,t,105,UH,3.7673386128689166e-4,-0.009544706850407612,-3.595814266605506e-6
2,t,106,UH,1.9562993842567517e-4,-0.00965240561135285,-1.8882995154085994e-6
2,t,107,UH,9.401458667640887e-5,-0.00969347638465877,-9.113281757612244e-7
2,t,108,UH,3.9504688779516766e-5,-0.009663551091518702,-3.8175557837540585e-7
2,t,109,UH,1.1996738677044315e-5,-0.00956056045279471,-1.146955453582626e-7
2,t,110,UH,0,-0.00938498109698125,-0
3,h,50,init,6.607474671710811,0.003810017826877843,0.025174596289862013
3,u,50,init,-2.0802380568075134,0.003810017826877843,-0.007925744080586349
3,t,50,init,4.527236614903298,0.003810017826877843,0.017248852209275665
3,h,50,HD,-18.401526107753003,0.00387425197744104,-0.071292148910895
3,h,51,HD,-17.39091229895305,0.00374294806305214,-0.06509328150407596
3,h,52,HD,-16.395803821599948,0.003584797439109489,-0.05877563555181307
3,h,53,HD,-15.420397420789474,0.00339706529977557,-0.052384096986912626
3,h,54,HD,-14.467571931475932,0.0031767898592079107,-0.045960435799273745
3,h,55,HD,-13.53949909657621,0.00292076753898143,-0.03954572945534819
3,h,56,HD,-12.63795096276673,0.002625537855598931,-0.033181418669947005
3,h,57,HD,-11.76445286391204,0.00228736815765972,-0.026909634873201096
3,h,58,HD,-10.920356948931435,0.00190223840443738,-0.020773122378421986
3,h,59,HD,-10.106874516474434,0.0014658262278698497,-0.01481492174803763
3,h,60,HD,-9.325086998045592,9.734925795254496e-4,-0.009077902996026635
3,h,61,HD,-8.575946063387072,4.202683343453809e-4,-0.0036041985674955114
3,h,62,HD,-7.860268493166425,-1.991576946300897e-4,0.0015654329522725543
3,h,63,HD,-7.178728936796138,-8.904487801660588e-4,0.006392290424912909
3,h,64,HD,-6.531852325175813,-0.0016596276813442296,0.01084044292931445
3,h,65,HD,-5.920006970179726,-0.002513080629831691,0.014877454845227267
3,h,66,HD,-5.343398963514758,-0.003457556963348693,0.018475106294250643
3,h,67,HD,-4.802068236995871,-0.0045001632996088115,0.021610091242346006
3,h,68,HD,-4.2958864866723285,-0.0056483509540781705,0.024264674535607166
3,h,69,HD,-3.824557054514104,-0.0069098950923676995,0.02642728802146727
3,h,70,HD,-3.3876167830665316,-0.008292863872820189,0.028093044835251785
3,h,71,HD,-2.984439800361228,-0.00980557557783223,0.029264150019932555
3,h,72,HD,-2.6142431494522262,-0.011456541456149199,0.029950185018153476
3,h,73,HD,-2.2760941468362845,-0.013254391707387538,0.03016824338506016
3,h,74,HD,-1.9689193354447245,-0.015207781741844298,0.02994289552074049
3,h,75,HD,-1.691514889884768,-0.0173252755545065,0.029305961571804328
3,h,76,HD,-1.442558333000477,-0.019615202778268292,0.028296074221285033
3,h,77,HD,-1.2206214319865127,-0.02208548575018785,0.026958017242512018
3,h,78,HD,-1.024184156951147,-0.02474343276653953,0.025341831828075673
3,h,79,HD,-0.8516496019920169,-0.02759549365748314,0.023501691190168744
3,h,80,HD,-0.7013597847896997,-0.030646973932014248,0.021494555041413052
3,h,81,HD,-0.5716122510656797,-0.03390170409362875,0.019378629391921698
3,h,82,HD,-0.4606774101868254,-0.0373616613871661,0.017211673408116794
3,h,83,HD,-0.36681651287151257,-0.041026542304198124,0.015049213183201546
3,h,84,HD,-0.28830014704456175,-0.04489328576087019,0.012942740886172406
3,h,85,HD,-0.22342707044210558,-0.048955549095150694,0.010937994916214193
3,h,86,HD,-0.17054311803276684,-0.05320314204580699,0.009073429733632121
3,h,87,HD,-0.12805982174209568,-0.057621427808183245,0.007378989773640982
3,h,88,HD,-0.09447226713069666,-0.062190705230363866,0.005875296917569349
3,h,89,HD,-0.06837559991822795,-0.06688559229484942,0.004573342499046334
3,h,90,HD,-0.04847950347569585,-0.07167443822680818,0.0034747411771350947
3,h,91,HD,-0.03361991986039092,-0.07651879975872403,0.002572555915701602
3,h,92,HD,-0.02276730622218865,-0.08137302595846937,0.0018526446002225783
3,h,93,HD,-0.015030826528865487,-0.08618400503552673,0.0012954168292518718
3,h,94,HD,-0.009658086714994454,-0.09089113479058912,8.77834461431759e-4
3,h,95,HD,-0.006030324156088592,-0.09542658458037824,5.75453238128086e-4
3,h,96,HD,-0.0036533328966333717,-0.09971591910450868,3.642954475825337e-4
3,h,97,HD,-0.002144795279357449,-0.1036791508323544,2.2237055327302267e-4
3,h,98,HD,-0.001219033340978816,-0.10723227601551005,1.3071971969194976e-4
3,h,99,HD,-6.704214314328969e-4,-0.11028932647605419,7.394032812784635e-5
3,h,100,HD,-3.567622132173708e-4,-0.11276493364879536,4.02302673018542e-5
3,h,101,HD,-1.8380207391467419e-4,-0.11457735173122069,2.105955487184945e-5
3,h,102,HD,-9.177330995483729e-5,-0.11565182431621521,1.0613750719814406e-5
3,h,103,HD,-4.446385537695615e-5,-0.11592410761395805,5.154432755649732e-6
3,h,104,HD,-2.0917664247027194e-5,-0.11534389123499486,2.4127247897992453e-6
3,h,105,HD,-9.541948354690851e-6,-0.1138777966320402,1.0866160542089153e-6
3,h,106,HD,-4.19313783763422e-6,-0.11151159935366975,4.6758350658498024e-7
3,h,107,HD,-1.741452680380773e-6,-0.10825133132941861,1.8851457109840318e-7
3,h,108,HD,-6.474976108550903e-7,-0.10412298811332393,6.741938603847021e-8
3,h,109,HD,-1.7806856393429072e-7,-0.09917070023502933,1.76591841752097e-8
3,h,110,HD,0,-0.09345342100506054,-0
3,h,50,HH,6.651936117735653,-0.0014766935920338398,-0.009822871439678697
3,h,51,HH,6.691984187861354,-0.001196467809835955,-0.008006743664707315
3,h,52,HH,6.717441330858259,-8.861482698333534e-4,-0.005952649013047105
3,h,53,HH,6.72821886499872,-5.440570935552058e-4,-0.0036605352004945094
3,h,54,HH,6.723925062693932,-1.6854967336155102e-4,-0.0011333153730246088
3,h,55,HH,6.704038486630799,2.4195796752524146e-4,0.0016220955264361838
3,h,56,HH,6.668009679378541,6.889564524635849e-4,0.004593968293697486
3,h,57,HH,6.615324516957252,0.0011738041880462458,0.00776509562328943
3,h,58,HH,6.545546599356562,0.00169768149583982,0.011112253341884894
3,h,59,HH,6.458347770562311,0.0022615367855192137,0.014605791056802668
3,h,60,HH,6.353531503041783,0.0028660237243770537,0.01820937202129475
3,h,61,HH,6.231051562667108,0.003511428267565786,0.021879890593809247
3,h,62,HH,6.09102712601052,0.004197584327423121,0.025567600002050852
3,h,63,HH,5.933754853158658,0.004923776783840039,0.02921648438698076
3,h,64,HH,5.759718062930842,0.005688630477690304,0.03276490771569175
3,h,65,HH,5.569592973381124,0.006489983795203269,0.03614656814312149
3,h,66,HH,5.364251882550853,0.007324745454369785,0.039291779592808926
3,h,67,HH,5.1447631304748445,0.008188733160724548,0.0421290924505924
3,h,68,HH,4.912387679682805,0.009076492928373203,0.04458725203606863
3,h,69,HH,4.668572164367508,0.009981098087761153,0.04659747670234349
3,h,70,HH,4.41493828047943,0.010893927354900579,0.04809601690391259
3,h,71,HH,4.153268416501426,0.011804421855337144,0.04902693246683092
3,h,72,HH,3.8854874564630206,0.012699821725806193,0.04934499801493651
3,h,73,HH,3.613640723879691,0.013564883912087655,0.04901861691942041
3,h,74,HH,3.3398680805585834,0.014381584107420409,0.048032593708242026
3,h,75,HH,3.066374251994217,0.015128807506348374,0.046390585800843494
3,h,76,HH,2.7953955271063973,0.015782035267491,0.04411703079537976
3,h,77,HH,2.5291630809824173,0.016313036375951828,0.041258329340780574
3,h,78,HH,2.2698633019745813,0.016689578065685717,0.037883060776739926
3,h,79,HH,2.01959567514708,0.016875172193541843,0.03408102477943937
3,h,80,HH,1.7803289867254408,0.016828880024521764,0.029960942921780843
3,h,81,HH,1.553856868984643,0.016505203834151994,0.025646724351688743
3,h,82,HH,1.3417539958145819,0.015854100545165672,0.02127230275652218
3,h,83,HH,1.1453345511829254,0.014821160187909244,0.016975186851829277
3,h,84,HH,0.9656148998378734,0.013348000068929555,0.01288902774959534
3,h,85,HH,0.80328265280492,0.011372933719299372,0.009135680368213325
3,h,86,HH,0.6586744871459125,0.008831981279861956,0.0058174007399953735
3,h,87,HH,0.5317650866334908,0.005660293926271209,0.003009946690074631
3,h,88,HH,0.4221693490912502,0.0017940677711363318,7.574004231662153e-4
3,h,89,HH,0.3291594948383334,-0.002826979581434186,-9.305271709431598e-4
3,h,90,HH,0.25169786874510525,-0.008256506566128752,-0.002078145105974574
3,h,91,HH,0.18848505773706006,-0.014537776689813042,-0.0027401536787478972
3,h,92,HH,0.13802151063304677,-0.021699211504847993,-0.002994957951445108
3,h,93,HH,0.09867928991083787,-0.029749313052117143,-0.0029356410873181407
3,h,94,HH,0.06877912584550952,-0.03867107584153895,-0.0026597627918864505
3,h,95,HH,0.04666686010147118,-0.04841610656153261,-0.0022594276715649634
3,h,96,HH,0.03078294388431543,-0.05889879107092055,-0.001813078180390166
3,h,97,HH,0.019719114627631772,-0.06999098833315343,-0.0013801603218426904
3,h,98,HH,0.012257784382021776,-0.08151787921443054,-9.992285866901843e-4
3,h,99,HH,0.007391886668444361,-0.0932557358630301,-6.893358306819009e-4
3,h,100,HH,0.004325572447974815,-0.10493247671112116,-4.538930301593846e-4
3,h,101,HH,0.0024586831863750904,-0.11623189572876602,-2.857774077488197e-4
3,h,102,HH,0.0013598022162678383,-0.1268023586677698,-1.724261283444227e-4
3,h,103,HH,7.334948038473111e-4,-0.13627050009695219,-9.995370373878893e-5
3,h,104,HH,3.8699319188179726e-4,-0.1442600010494157,-5.58276382669848e-5
3,h,105,HH,2.003031883102415e-4,-0.15041487341510656,-3.0128578714327226e-5
3,h,106,HH,1.0198036340800121e-4,-0.15442586427789007,-1.5748405758653902e-5
3,h,107,HH,5.1170319495497603e-5,-0.15605772138982058,-7.985523463256469e-6
3,h,108,HH,2.530634562888103e-5,-0.15517429329923904,-3.926894298947901e-6
3,h,109,HH,1.223368047282191e-5,-0.15175798446944977,-1.8565586911987185e-6
3,h,110,HH,5.341682384694724e-6,-0.14592016140626338,-7.79459155755648e-7
3,h,50,UD,-0.2099616628257533,-0.07591026313934701,0.015938245074277786
3,h,51,UD,-0.2018277931617603,-0.07717933817792538,0.015576935502135875
3,h,52,UD,-0.20367050912066295,-0.07841367020692172,0.015970552133063507
3,h,53,UD,-0.21130823974027854,-0.07960995171691304,0.01682223876310946
3,h,54,UD,-0.2224732282355537,-0.08076475491560423,0.01796799575372778
3,h,55,UD,-0.23591133578198337,-0.08187452859415001,0.01931512940716612
3,h,56,UD,-0.2509092947341807,-0.08293559507019777,0.020809311667422916
3,h,57,UD,-0.26704288367992246,-0.08394414723620383,0.022416687146007863
3,h,58,UD,-0.28404080219444194,-0.0848962457438536,0.024113997744380652
3,h,59,UD,-0.30170992788279793,-0.08578781635781757,0.02588303588653985
3,h,60,UD,-0.3198935655534274,-0.08661464751459512,0.02770746842259714
3,h,61,UD,-0.3384476786153727,-0.08737238812485576,0.02957098193593879
3,h,62,UD,-0.357227087272391,-0.0880565456604687,0.031456183321557536
3,h,63,UD,-0.3760773211894344,-0.08866248457034123,0.03334394968721349
3,h,64,UD,-0.394829800026781,-0.08918542507225463,0.035213063546581755
3,h,65,UD,-0.41329909403581094,-0.08962044237111018,0.037040047639068444
3,h,66,UD,-0.4312816109501463,-0.08996246635738425,0.03879915741566102
3,h,67,UD,-0.44855538693284164,-0.09020628184315978,0.0404625136559315
3,h,68,UD,-0.4648808464055218,-0.09034652939686574,0.042000371055816305
3,h,69,UD,-0.48000250125265237,-0.09037770684185034,0.04338152534156712
3,h,70,UD,-0.49365161782284006,-0.09029417148818089,0.044573863835113456
3,h,71,UD,-0.5055499080380765,-0.09009014317164234,0.04554506359556093
3,h,72,UD,-0.5154143076643418,-0.08975970817888732,0.046263437847174564
3,h,73,UD,-0.5229628943419106,-0.08929682414315243,0.046698925609443595
3,h,74,UD,-0.5279219714741065,-0.08869532600101664,0.04682421136299528
3,h,75,UD,-0.5300343011555749,-0.08794893310750705,0.04661595129701591
3,h,76,UD,-0.5290684089323341,-0.08705125761461822,0.046056070361724794
3,h,77,UD,-0.5248288042835763,-0.08599581422726471,0.0451330803542879
3,h,78,UD,-0.517166862952233,-0.08477603146108756,0.043843354244270466
3,h,79,UD,-0.5059920017448568,-0.08338526453873918,0.042192276919981064
3,h,80,UD,-0.49128264664382837,-0.08181681007563812,0.04019517899391494
3,h,81,UD,-0.4730963578518817,-0.08006392272314805,0.037877950235655856
3,h,82,UD,-0.45157834191287194,-0.07811983395714453,0.035277225088876193
3,h,83,UD,-0.4269674677319261,-0.07597777322342067,0.03244003743711447
3,h,84,UD,-0.39959883215932984,-0.07363099167876294,0.029422858285567004
3,h,85,UD,-0.36990191889876534,-0.07107278879804144,0.026289960957882202
3,h,86,UD,-0.33839349209304515,-0.06829654215338038,0.023111105397162247
3,h,87,UD,-0.3056645924995418,-0.06529574071103175,0.019958595976393264
3,h,88,UD,-0.2723613820879775,-0.06206402203407338,0.016903842819138915
3,h,89,UD,-0.23916011882589333,-0.058595213822748043,0.01401363830047705
3,h,90,UD,-0.20673721805364023,-0.05488338026625167,0.011346437353624927
3,h,91,UD,-0.17573611515811324,-0.050922873715684575,0.008948987999481602
3,h,92,UD,-0.1467333895507613,-0.046708392211388616,0.00685368070964343
3,h,93,UD,-0.12020720638239964,-0.042235043400442984,0.005076956578606655
3,h,94,UD,-0.09651142052657335,-0.03749841535053272,0.003619025332975377
3,h,95,UD,-0.07585851560365267,-0.03249465469101209,0.0024649962699134463
3,h,96,UD,-0.05831382124960612,-0.02722055237475074,0.001587334425496756
3,h,97,UD,-0.04380217068309412,-0.02167363713797449,9.49352353241006e-4
3,h,98,UD,-0.032126476526214434,-0.015852276423113154,5.092777863942073e-4
3,h,99,UD,-0.022995910640551998,-0.009755784108486598,2.2434313958727506e-4
3,h,100,UD,-0.016059865871761295,-0.0033845338533289304,5.435515972289804e-5
3,h,101,UD,-0.01094304137321802,0.003259923774637241,-3.567348073939239e-5
3,h,102,UD,-0.007277079228815967,0.010174742941087833,-7.404241051513215e-5
3,h,103,UD,-0.004725192442734457,0.017355666251970436,-8.200886301243217e-5
3,h,104,UD,-0.002997889560298328,0.024796914505512746,-7.433841112368683e-5
3,h,105,UD,-0.0018597481200724737,0.03249108698357733,-6.0425237936819165e-5
3,h,106,UD,-0.0011287172495043605,0.04042907698863768,-4.5632996578615156e-5
3,h,107,UD,-6.70287277445048e-4,0.048600007110354726,-3.2575966449809645e-5
3,h,108,UD,-3.889276523333464e-4,0.056991187945768185,-2.2165448931436132e-5
3,h,109,UD,-2.183861426593951e-4,0.06558810266316473,-1.4323532744956944e-5
3,h,110,UD,-1.0956994516791528e-4,0.07437441796079969,-8.149200897860435e-6
3,h,50,UU,-0.05574684870778264,0.09838074589513268,-0.00548441655717477
3,h,51,UU,-0.056082473354022534,0.0987862580811758,-0.005540177686581135
3,h,52,UU,-0.05919310277806561,0.099169236002976,-0.005870134779146403
3,h,53,UU,-0.06419037950747629,0.09952775938406688,-0.006388724646392038
3,h,54,UU,-0.07058931775905271,0.09985967490014991,-0.007049026322842382
3,h,55,UU,-0.07812659561177081,0.10016259872983924,-0.007825362846390219
3,h,56,UU,-0.08666057270837,0.10043391964400994,-0.008703660995696314
3,h,57,UU,-0.09611516499245013,0.10067080260524652,-0.009675990802325648
3,h,58,UU,-0.10644753085588737,0.10087019285525789,-0.010737382966399374
3,h,59,UU,-0.11762882539905524,0.10102882047423034,-0.011883901483835738
3,h,60,UU,-0.12963220236675216,0.10114320540180044,-0.013111416470668175
3,h,61,UU,-0.14242488517770882,0.10120966291443945,-0.014414774619463652
3,h,62,UU,-0.1559625670701849,0.10122430955843109,-0.01578720316863997
3,h,63,UU,-0.17018519645227387,0.10118306954111111,-0.017219860567498083
3,h,64,UU,-0.18501365238066356,0.10108168158536857,-0.0187014910988883
3,h,65,UU,-0.20034707399335536,0.1009157062534124,-0.020218166467844127
3,h,66,UU,-0.21606076129190877,0.10068053374518637,-0.02175311276826068
3,h,67,UU,-0.23200465871120596,0.10037139217429536,-0.023286630585766004
3,h,68,UU,-0.24800249223106435,0.09998335631952249,-0.024796121548868115
3,h,69,UU,-0.2638516686161995,0.09951135684268608,-0.026256237549204788
3,h,70,UU,-0.27932406846177205,0.09895018995319271,-0.02763916963279095
3,h,71,UU,-0.2941678760500874,0.09829452748588419,-0.028915092377869486
3,h,72,UU,-0.30811058930485863,0.09753892734113545,-0.030052776383241032
3,h,73,UU,-0.3208633416536439,0.09667784421422132,-0.031020376158445453
3,h,74,UU,-0.33212664275024506,0.09570564051438901,-0.03178639307630586
3,h,75,UU,-0.3415976045829741,0.0946165973424532,-0.03232080300597381
3,h,76,UU,-0.3489786610903423,0.09340492535901768,-0.03259632579103335
3,h,77,UU,-0.35398771077093255,0.09206477533362167,-0.03258979906298896
3,h,78,UU,-0.35636951132313954,0.09059024811874528,-0.03228360245271922
3,h,79,UU,-0.3559080328383317,0.08897540374263568,-0.031667060917037804
3,h,80,UU,-0.35243933346291634,0.08721426926310838,-0.03073773892754523
3,h,81,UU,-0.34586436396796877,0.08530084497361556,-0.029502522492729853
3,h,82,UU,-0.33616094496993376,0.08322910850706289,-0.027978375764739414
3,h,83,UU,-0.32339400781379263,0.08099301634804679,-0.026192656161722876
3,h,84,UU,-0.3077230688396388,0.07858650224833486,-0.024182879641230774
3,h,85,UU,-0.28940584467333413,0.07600347205448721,-0.021995849028035017
3,h,86,UU,-0.2687969460198236,0.073237794514182,-0.019686095498639512
3,h,87,UU,-0.2463407435034072,0.0702832877466657,-0.017313637359377538
3,h,88,UU,-0.22255781141772896,0.06713370126373497,-0.014941129625628479
3,h,89,UU,-0.19802484091728742,0.06378269373511336,-0.012630557780171888
3,h,90,UU,-0.1733485665139269,0.06022380713279807,-0.010439710636481752
3,h,91,UU,-0.14913502691550556,0.05645043848992093,-0.008418737663586449
3,h,92,UU,-0.12595629772148523,0.052455811294701005,-0.006607139784657407
3,h,93,UU,-0.10431755888906097,0.04823294952434509,-0.005031543552398974
3,h,94,UU,-0.08462783060789876,0.04377465850586981,-0.0037045543849533653
3,h,95,UU,-0.06717775883202107,0.03907351814225313,-0.0026248713784788806
3,h,96,UU,-0.052127327777772826,0.03412189549447553,-0.0017786832308394358
3,h,97,UU,-0.03950528648871324,0.028911985139773222,-0.0011421762559041609
3,h,98,UU,-0.02922050518946558,0.023435886942176576,-6.848084560135992e-4
3,h,99,UU,-0.0210836851168243,0.01768573160434117,-3.728803962065971e-4
3,h,100,UU,-0.014836212778386534,0.011653864274713821,-1.7289921007009152e-4
3,h,101,UU,-0.010181881517548286,0.0053330951602375,-5.4300943043348413e-5
3,h,102,UU,-0.006816998691794301,-0.0012829768682949272,8.746051632768869e-6
3,h,103,UU,-0.004455126326867156,-0.008199566631600153,3.6530105169343284e-5
3,h,104,UU,-0.002844157816389595,-0.015420236978398894,4.385758753269309e-5
3,h,105,UU,-0.0017751828030177351,-0.022946380133169297,4.073401940390994e-5
3,h,106,UU,-0.0010841405241316375,-0.030776671377284792,3.33662366379967e-5
3,h,107,UU,-6.482265237048066e-4,-0.038906530725696054,2.52202451617322e-5
3,h,108,UU,-3.7922466833382215e-4,-0.047327636854249455,1.7947807389076328e-5
3,h,109,UU,-2.1525300592811368e-4,-0.05602754221036976,1.2060096875546362e-5
3,h,110,UU,-1.0956994516791528e-4,-0.06498943686381842,7.120889033662276e-6
3,u,50,HD,-4.214694347271214,0.00387425197744104,-0.016328787909225075
3,u,51,HD,-4.209990551171423,0.00374294806305214,-0.01575777597897489
3,u,52,HD,-4.200092384124612,0.003584797439109489,-0.015056480422633177
3,u,53,HD,-4.185206787650519,0.00339706529977557,-0.01421742075071276
3,u,54,HD,-4.1653063056339485,0.0031767898592079107,-0.013232302832232694
3,u,55,HD,-4.140237941659915,0.00292076753898143,-0.012092672583659573
3,u,56,HD,-4.109783265299476,0.002625537855598931,-0.010790391541350757
3,u,57,HD,-4.0736928803099355,0.00228736815765972,-0.009318035378506055
3,u,58,HD,-4.031707286486669,0.00190223840443738,-0.00766926843580496
3,u,59,HD,-3.9835704798361475,0.0014658262278698497,-0.005839222089911907
3,u,60,HD,-3.929039678368004,9.734925795254496e-4,-0.003824890971552311
3,u,61,HD,-3.8678930037855612,4.202683343453809e-4,-0.00162555295012711
3,u,62,HD,-3.7999361201622035,-1.991576946300897e-4,7.56786517433112e-4
3,u,63,HD,-3.7250083843240835,-8.904487801660588e-4,0.0033169291719297215
3,u,64,HD,-3.6429888195617757,-0.0016596276813442296,0.006046005087772262
3,u,65,HD,-3.553802089497648,-0.002513080629831691,0.008930991193371929
3,u,66,HD,-3.457424571208067,-0.003457556963348693,0.011954242401433321
3,u,67,HD,-3.353890577640428,-0.0045001632996088115,0.015093055288401252
3,u,68,HD,-3.24329874260556,-0.0056483509540781705,0.018319289547156645
3,u,69,HD,-3.1258185472034987,-0.0069098950923676995,0.02159907823895339
3,u,70,HD,-3.0016969279781414,-0.008292863872820189,0.024892664011185273
3,u,71,HD,-2.87126485993406,-0.00980557557783223,0.028154404588057298
3,u,72,HD,-2.7349437486860815,-0.011456541456149199,0.03133299643705819
3,u,73,HD,-2.5932513935429933,-0.013254391707387538,0.034371969765747426
3,u,74,HD,-2.446807196706788,-0.015207781741844298,0.03721050981189072
3,u,75,HD,-2.2963361942376155,-0.0173252755545065,0.03978465733095345
3,u,76,HD,-2.142671375643275,-0.019615202778268292,0.042028933520433916
3,u,77,HD,-1.9867536477484882,-0.02208548575018785,0.04387841937648297
3,u,78,HD,-1.829628695788229,-0.02474343276653953,0.04527129462196745
3,u,79,HD,-1.672439916206928,-0.02759549365748314,0.046151805100209914
3,u,80,HD,-1.5164165625366137,-0.030646973932014248,0.046473578862134254
3,u,81,HD,-1.3628562842838197,-0.03390170409362875,0.046203150471932436
3,u,82,HD,-1.2131013792506895,-0.0373616613871661,0.045323482959868426
3,u,83,HD,-1.0685083534783673,-0.041026542304198124,0.04383720316636932
3,u,84,HD,-0.9304108172815108,-0.04489328576087019,0.04176919869522364
3,u,85,HD,-0.8000763560646496,-0.048955549095150694,0.03916817732919222
3,u,86,HD,-0.6786587940671727,-0.05320314204580699,0.03610678022139186
3,u,87,HD,-0.5671481771178711,-0.057621427808183245,0.032679887744340136
3,u,88,HD,-0.4663217507983197,-0.062190705230363866,0.029000878546405498
3,u,89,HD,-0.37670006492540004,-0.06688559229484942,0.025195806960043612
3,u,90,HD,-0.2985129069204517,-0.07167443822680818,0.021395744906974854
3,u,91,HD,-0.2316798389485284,-0.07651879975872403,0.017727863204635874
3,u,92,HD,-0.17580948112159245,-0.08137302595846937,0.014306149471052373
3,u,93,HD,-0.1302202122448457,-0.08618400503552673,0.01122289942783714
3,u,94,HD,-0.09398266293913007,-0.09089113479058912,0.008542190885178977
3,u,95,HD,-0.06598147662898687,-0.09542658458037824,0.006296386960274266
3,u,96,HD,-0.0449907710593769,-0.09971591910450868,0.004486296087406297
3,u,97,HD,-0.029755194046470996,-0.1036791508323544,0.0030849932515900403
3,u,98,HD,-0.019067127064718966,-0.10723227601551005,0.002044611432226746
3,u,99,HD,-0.011830974311696517,-0.11028932647605419,0.0013048301883925076
3,u,100,HD,-0.007107708646333837,-0.11276493364879536,8.015002938988042e-4
3,u,101,HD,-0.004136515303266177,-0.11457735173122069,4.739509688439058e-4
3,u,102,HD,-0.002334575832598242,-0.11565182431621521,2.699979540445337e-4
3,u,103,HD,-0.0012796461306640874,-0.11592410761395805,1.4834183575888869e-4
3,u,104,HD,-6.821719971191305e-4,-0.11534389123499486,7.868437263926822e-5
3,u,105,HD,-3.5387350604765077e-4,-0.1138777966320402,4.029833515516142e-5
3,u,106,HD,-1.7830948891477098e-4,-0.11151159935366975,1.988357628882156e-5
3,u,107,HD,-8.668335402777717e-5,-0.10825133132941861,9.3835884776062e-6
3,u,108,HD,-3.9941852975074974e-5,-0.10412298811332393,4.158865082547864e-6
3,u,109,HD,-1.6647170054266426e-5,-0.09917070023502933,1.6509115112132127e-6
3,u,110,HD,-5.341682384694724e-6,-0.09345342100506054,4.991984927721918e-7
3,u,50,HH,-2.0841795263222354,-0.0014766935920338398,0.0030776945511681686
3,u,51,HH,-2.087767321217867,-0.001196467809835955,0.0024979463942646197
3,u,52,HH,-2.087888513367278,-8.861482698333534e-4,0.0018501787937253457
3,u,53,HH,-2.0845936931618363,-5.440570935552058e-4,0.0011341379859451412
3,u,54,HH,-2.0778267462848445,-1.6854967336155102e-4,3.502170193882049e-4
3,u,55,HH,-2.0674789251971353,2.4195796752524146e-4,-5.002429986419696e-4
3,u,56,HH,-2.0534195043004138,6.889564524635849e-4,-0.0014147166171023461
3,u,57,HH,-2.035514036704812,0.0011738041880462458,-0.002389294901111028
3,u,58,HH,-2.0136359524106062,0.00169768149583982,-0.003418512495765279
3,u,59,HH,-1.9876745148953454,0.0022615367855192137,-0.0044951990330748814
3,u,60,HH,-1.9575407297728042,0.0028660237243770537,-0.005610358172963228
3,u,61,HH,-1.9231720459788213,0.003511428267565786,-0.0067530806856423604
3,u,62,HH,-1.8845362870407036,0.004197584327423121,-0.007910499982942217
3,u,63,HH,-1.8416350326635507,0.004923776783840039,-0.009067799818135283
3,u,64,HH,-1.7945065530564244,0.005688630477690304,-0.010208284670131748
3,u,65,HH,-1.74322833447283,0.006489983795203269,-0.011313523642067851
3,u,66,HH,-1.6879191997089305,0.007324745454369785,-0.012363578485411475
3,u,67,HH,-1.6287410081947167,0.008188733160724548,-0.01333732550403601
3,u,68,HH,-1.5658999091270636,0.009076492928373203,-0.014212879451732033
3,u,69,HH,-1.4996471133333509,0.009981098087761153,-0.014968124935208042
3,u,70,HH,-1.4302791425292476,0.010893927354900579,-0.015581357075943113
3,u,71,HH,-1.358137506742873,0.011804421855337144,-0.016032028067148665
3,u,72,HH,-1.283607751061855,0.012699821725806193,-0.016301589604348576
3,u,73,HH,-1.2071178012677215,0.013564883912087655,-0.01637441284241114
3,u,74,HH,-1.129135524690051,0.014381584107420409,-0.016238757517006243
3,u,75,HH,-1.0501654087192889,0.015128807506348374,-0.015887750318339784
3,u,76,HH,-0.9707442465760299,0.015782035267491,-0.015320319935176884
3,u,77,HH,-0.8914357107001009,0.016313036375951828,-0.014542023175473215
3,u,78,HH,-0.812823691973617,0.016689578065685717,-0.013565684460832563
3,u,79,HH,-0.7355042923510314,0.016875172193541843,-0.012411761582512795
3,u,80,HH,-0.660076384599487,0.016828880024521764,-0.011108346283444853
3,u,81,HH,-0.58713070155369,0.016505203834151994,-0.009690711906432314
3,u,82,HH,-0.5172374942996582,0.015854100545165672,-0.008200335240356337
3,u,83,HH,-0.4509329087164598,0.014821160187909244,-0.006683348874086508
3,u,84,HH,-0.3887043750373972,0.013348000068929555,-0.005188426024792398
3,u,85,HH,-0.3309754833725679,0.011372933719299372,-0.003764162235109286
3,u,86,HH,-0.27809102067505065,0.008831981279861956,-0.0024560946886997516
3,u,87,HH,-0.23030305378464694,0.005660293926271209,-0.0013035829765389486
3,u,88,HH,-0.18775913080280987,0.0017940677711363318,-3.3685260530989206e-4
3,u,89,HH,-0.15049380039934918,-0.002826979581434186,4.2544290086139205e-4
3,u,90,HH,-0.11842466898716074,-0.008256506566128752,9.777740570841166e-4
3,u,91,HH,-0.09135408075851596,-0.014537776689813042,0.0013280852257704515
3,u,92,HH,-0.06897717657141392,-0.021699211504847993,0.0014967503434303562
3,u,93,HH,-0.05089655030654746,-0.029749313052117143,0.0015141374083423092
3,u,94,HH,-0.03664300216313828,-0.03867107584153895,0.0014170243157123963
3,u,95,HH,-0.02570106753871938,-0.04841610656153261,0.001244345624699784
3,u,96,HH,-0.01753721296442647,-0.05889879107092055,0.001032920642357994
3,u,97,HH,-0.011628010930471883,-0.06999098833315343,8.13855977372438e-4
3,u,98,HH,-0.007485407236655133,-0.08151787921443054,6.101945229884775e-4
3,u,99,HH,-0.004676495986607934,-0.0932557358630301,4.3611007449162985e-4
3,u,100,HH,-0.0028360245158818033,-0.10493247671112116,2.97591076464936e-4
3,u,101,HH,-0.0016710250030720613,-0.11623189572876602,1.9422640391723276e-4
3,u,102,HH,-9.582453339281086e-4,-0.1268023586677698,1.2150776852446886e-4
3,u,103,HH,-5.36109790673769e-4,-0.13627050009695219,7.305594928198685e-5
3,u,104,HH,-2.935189465623032e-4,-0.1442600010494157,4.234304353910125e-5
3,u,105,HH,-1.5779433038760256e-4,-0.15041487341510656,2.373461423087274e-5
3,u,106,HH,-8.357830964277096e-5,-0.15442586427789007,1.2906652701470018e-5
3,u,107,HH,-4.374890697758009e-5,-0.15605772138982058,6.827354736216371e-6
3,u,108,HH,-2.2670126543745454e-5,-0.15517429329923904,3.5178208654300215e-6
3,u,109,HH,-1.1551858320986695e-5,-0.15175798446944977,1.753086735669583e-6
3,u,110,HH,-5.341682384694724e-6,-0.14592016140626338,7.79459155755648e-7
3,u,50,UD,-0.017854874925281296,-0.07591026313934701,0.0013553682538982319
3,u,51,UD,-0.017785386875397654,-0.07717933817792538,0.0013726643882815512
3,u,52,UD,-0.018612429145546793,-0.07841367020692172,0.001459468880768604
3,u,53,UD,-0.020040839104544846,-0.07960995171691304,0.0015954502334792379
3,u,54,UD,-0.021914842380974447,-0.08076475491560423,0.0017699468739134977
3,u,55,UD,-0.024155232074334825,-0.08187452859415001,0.0019776982391684563
3,u,56,UD,-0.026725465287795635,-0.08293559507019777,0.0022164923671712453
3,u,57,UD,-0.029613043976160467,-0.08394414723620383,0.0024858417236469934
3,u,58,UD,-0.03281906367064296,-0.0848962457438536,0.002786215294466083
3,u,59,UD,-0.036352161003906314,-0.08578781635781757,0.003118572512412932
3,u,60,UD,-0.04022483410175535,-0.08661464751459512,0.003484059827056605
3,u,61,UD,-0.044451029867541826,-0.08737238812485576,0.00388379263413642
3,u,62,UD,-0.04904438426546534,-0.0880565456604687,0.004318679062461521
3,u,63,UD,-0.05401676877073962,-0.08866248457034123,0.004789260927675391
3,u,64,UD,-0.05937694375842725,-0.08918542507225463,0.005295557968586691
3,u,65,UD,-0.06512920348076612,-0.08962044237111018,0.005836908027224309
3,u,66,UD,-0.07127194733712261,-0.08996246635738425,0.006411800164541155
3,u,67,UD,-0.0777961447270936,-0.09020628184315978,0.007017700957563454
3,u,68,UD,-0.08468368506188592,-0.09034652939686574,0.0076508770418785964
3,u,69,UD,-0.09190562578371665,-0.09037770684185034,0.008306219704197546
3,u,70,UD,-0.09942037265288972,-0.09029417148818089,0.008977080177738874
3,u,71,UD,-0.10717184998519563,-0.09009014317164234,0.00965512730913605
3,u,72,UD,-0.11508774497870033,-0.08975970817888732,0.010330242404254345
3,u,73,UD,-0.12307794005550969,-0.08929682414315243,0.010990469169038305
3,u,74,UD,-0.13103327979374202,-0.08869532600101664,0.011622039468288374
3,u,75,UD,-0.13882485314944734,-0.08794893310750705,0.012209497723300234
3,u,76,UD,-0.14630400472189414,-0.08705125761461822,0.012735947605095927
3,u,77,UD,-0.1533033168234811,-0.08599581422726471,0.013183443553975587
3,u,78,UD,-0.1596388214237908,-0.08477603146108756,0.013533545747434227
3,u,79,UD,-0.1651137001758643,-0.08338526453873918,0.013768049568134511
3,u,80,UD,-0.1695237025179214,-0.08181681007563812,0.013869888572227752
3,u,81,UD,-0.17266444589581428,-0.08006392272314805,0.013824192853237653
3,u,82,UD,-0.1743406480362842,-0.07811983395714453,0.013619462476575498
3,u,83,UD,-0.1743771704107447,-0.07597777322342067,0.01324878910880934
3,u,84,UD,-0.17263152095680104,-0.07363099167876294,0.012711030083062408
3,u,85,UD,-0.16900717801436205,-0.07107278879804144,0.012011811468367746
3,u,86,UD,-0.1634667749593758,-0.06829654215338038,0.011164215486690155
3,u,87,UD,-0.1560438626249919,-0.06529574071103175,0.01018899959350933
3,u,88,UD,-0.14685170105892487,-0.06206402203407338,0.00911420721026227
3,u,89,UD,-0.13608739911715398,-0.058595213822748043,0.00797407024985129
3,u,90,UD,-0.12402980624110699,-0.05488338026625167,0.006807175020280189
3,u,91,UD,-0.11102994569362859,-0.050922873715684575,0.005653963903215965
3,u,92,UD,-0.09749351022515777,-0.046708392211388616,0.004553765113661696
3,u,93,UD,-0.0838560024400375,-0.042235043400442984,0.003541661902442637
3,u,94,UD,-0.07055238111290744,-0.03749841535053272,0.0026456024909408834
3,u,95,UD,-0.05798435124277482,-0.03249465469101209,0.0018841814711163256
3,u,96,UD,-0.04648940097671346,-0.02722055237475074,0.001265467174157417
3,u,97,UD,-0.03631600990986861,-0.02167363713797449,7.871000210855778e-4
3,u,98,UD,-0.027608880511492292,-0.015852276423113154,4.3766360560087747e-4
3,u,99,UD,-0.020406531505042326,-0.009755784108486598,1.9908171576622303e-4
3,u,100,UD,-0.014651382087269212,-0.0033845338533289304,4.9588098672419736e-5
3,u,101,UD,-0.010210071089415807,0.003259923774637241,-3.328405348512295e-5
3,u,102,UD,-0.006899858741708985,0.010174742941087833,-7.020428902670667e-5
3,u,103,UD,-0.004516116959381865,0.017355666251970436,-7.838021870189518e-5
3,u,104,UD,-0.002856356739067622,0.024796914505512746,-7.082883385590501e-5
3,u,105,UD,-0.0017377475795467112,0.03249108698357733,-5.646130776255316e-5
3,u,106,UD,-0.0010070753517190977,0.04042907698863768,-4.071512692801077e-5
3,u,107,UD,-5.438943440833152e-4,0.048600007110354726,-2.643326898973084e-5
3,u,108,UD,-2.588230171012275e-4,0.056991187945768185,-1.4750631212306828e-5
3,u,109,UD,-8.965259221587775e-5,0.06558810266316473,-5.880143422273833e-6
3,u,110,UD,0,0.07437441796079969,0
3,u,50,UU,0.01746655991237843,0.09838074589513268,0.0017183731924018133
3,u,51,UU,0.01749662758826977,0.0987862580811758,0.0017284263684850382
3,u,52,UU,0.018398165800593832,0.099169236002976,0.0018245320463009715
3,u,53,UU,0.019888006464690907,0.09952775938406688,0.001979408722046523
3,u,54,UU,0.021813504920739756,0.09985967490014991,0.0021782895098178922
3,u,55,UU,0.02409369967771644,0.10016259872983924,0.002413287572736369
3,u,56,UU,0.02668720035058439,0.10043391964400994,0.0026803001355341863
3,u,57,UU,0.02957432654752339,0.10067080260524652,0.002977271190048829
3,u,58,UU,0.03274693288377518,0.10087019285525789,0.0033031894354045885
3,u,59,UU,0.03620241999486184,0.10102882047423034,0.0036574877903935835
3,u,60,UU,0.03994004214846167,0.10114320540180044,0.004039663886778426
3,u,61,UU,0.04395848037377995,0.10120966291443945,0.004449022980861271
3,u,62,UU,0.04825411395865705,0.10122430955843109,0.004884489368818912
3,u,63,UU,0.052819677857166084,0.10118306954111111,0.0053444571377607225
3,u,64,UU,0.0576431359963236,0.10108168158536857,0.005826665118362479
3,u,65,UU,0.06270668211898482,0.1009157062534124,0.0063280891128455795
3,u,66,UU,0.06798582827078564,0.10068053374518637,0.00684484947741128
3,u,67,UU,0.07344857132427088,0.10037139217429536,0.007372135357030097
3,u,68,UU,0.07905464824245809,0.09998335631952249,0.0079041490639402
3,u,69,UU,0.08475490562371511,0.09951135684268608,0.008434075657689695
3,u,70,UU,0.09049082087822531,0.09895018995319271,0.008954083914920731
3,u,71,UU,0.09619422239968174,0.09829452748588419,0.009455365637648773
3,u,72,UU,0.10178726480202613,0.09753892734113545,0.00992822062577774
3,u,73,UU,0.1071827226555396,0.09667784421422132,0.010362194563348347
3,u,74,UU,0.11228467172350794,0.09570564051438901,0.010746276427246232
3,u,75,UU,0.11698962962564217,0.0946165973424532,0.01106916067953212
3,u,76,UU,0.12118822690609603,0.09340492535901768,0.011319577288555597
3,u,77,UU,0.12476747304393448,0.09206477533362167,0.011486689374733527
3,u,78,UU,0.12761366803389632,0.09059024811874528,0.01156055385053386
3,u,79,UU,0.12961598653440415,0.08897540374263568,0.011532634733398639
3,u,80,UU,0.13067072589249012,0.08721426926310838,0.011396351872793462
3,u,81,UU,0.13068615952486498,0.08530084497361556,0.0111476398338277
3,u,82,UU,0.1295878718453854,0.08322910850706289,0.010785483047018941
3,u,83,UU,0.1273243703809789,0.08099301634804679,0.010312384811771389
3,u,84,UU,0.12387267758397763,0.07858650224833486,0.009734720455460517
3,u,85,UU,0.11924350538024765,0.07600347205448721,0.009062920428846748
3,u,86,UU,0.11348552058982404,0.073237794514182,0.008311429237292504
3,u,87,UU,0.10668813528090326,0.0702832877466657,0.007498392911102921
3,u,88,UU,0.09898222434934828,0.06713370126373497,0.006645043079889141
3,u,89,UU,0.09053820822563886,0.06378269373511336,0.005774770806581845
3,u,90,UU,0.08156106649278029,0.06022380713279807,0.004911917938006519
3,u,91,UU,0.07228208674115905,0.05645043848992093,0.004080355491504928
3,u,92,UU,0.06294750541685679,0.052455811294701005,0.003301962465618809
3,u,93,UU,0.05380464217619174,0.04823294952434509,0.002595156590259705
3,u,94,UU,0.0450866122810631,0.04377465850586981,0.0019736510557900933
3,u,95,UU,0.03699713486374341,0.03907351814225313,0.0014456082203098638
3,u,96,UU,0.029697226228289804,0.03412189549447553,0.0010133256498375024
3,u,97,UU,0.023295564318008628,0.028911985139773222,6.735210093848968e-4
3,u,98,UU,0.017843957291722896,0.023435886942176576,4.1818896568984515e-4
3,u,99,UU,0.013338647256679924,0.01768573160434117,2.359037353466228e-4
3,u,100,UU,0.009727235797898276,0.011653864274713821,1.133598857568441e-4
3,u,101,UU,0.0069200369890782855,0.0053330951602375,3.6905215775117886e-5
3,u,102,UU,0.004803902442323451,-0.0012829768682949272,-6.163295711046493e-6
3,u,103,UU,0.0032562423482677323,-0.008199566631600153,-2.669977610325942e-5
3,u,104,UU,0.0021571806006825027,-0.015420236978398894,-3.3264236067729064e-5
3,u,105,UU,0.0013984489417308427,-0.022946380133169297,-3.208934101378424e-5
3,u,106,UU,8.885105857059619e-4,-0.030776671377284792,-2.7345398311511225e-5
3,u,107,UU,5.542119370283975e-4,-0.038906530725696054,-2.1562463756542874e-5
3,u,108,UU,3.3971997955430534e-4,-0.047327636854249455,-1.6078143824479213e-5
3,u,109,UU,2.0325626725106933e-4,-0.05602754221036976,-1.1387949092931483e-5
3,u,110,UU,1.0956994516791528e-4,-0.06498943686381842,-7.120889033662276e-6
3,t,50,HD,-22.616220455024216,0.00387425197744104,-0.08762093682012007
3,t,51,HD,-21.600902850124474,0.00374294806305214,-0.08085105748305085
3,t,52,HD,-20.59589620572456,0.003584797439109489,-0.07383211597444625
3,t,53,HD,-19.605604208439992,0.00339706529977557,-0.06660151773762538
3,t,54,HD,-18.632878237109882,0.0031767898592079107,-0.059192738631506446
3,t,55,HD,-17.679737038236123,0.00292076753898143,-0.05163840203900776
3,t,56,HD,-16.747734228066207,0.002625537855598931,-0.043971810211297764
3,t,57,HD,-15.838145744221974,0.00228736815765972,-0.03622767025170715
3,t,58,HD,-14.952064235418103,0.00190223840443738,-0.028442390814226944
3,t,59,HD,-14.090444996310582,0.0014658262278698497,-0.02065414383794954
3,t,60,HD,-13.254126676413595,9.734925795254496e-4,-0.012902793967578945
3,t,61,HD,-12.443839067172632,4.202683343453809e-4,-0.005229751517622621
3,t,62,HD,-11.660204613328627,-1.991576946300897e-4,0.0023222194697056662
3,t,63,HD,-10.903737321120222,-8.904487801660588e-4,0.00970921959684263
3,t,64,HD,-10.17484114473759,-0.0016596276813442296,0.016886448017086712
3,t,65,HD,-9.473809059677373,-0.002513080629831691,0.023808446038599194
3,t,66,HD,-8.800823534722825,-0.003457556963348693,0.030429348695683964
3,t,67,HD,-8.1559588146363,-0.0045001632996088115,0.036703146530747265
3,t,68,HD,-7.539185229277888,-0.0056483509540781705,0.04258396408276381
3,t,69,HD,-6.950375601717603,-0.0069098950923676995,0.048026366260420665
3,t,70,HD,-6.389313711044673,-0.008292863872820189,0.05298570884643706
3,t,71,HD,-5.855704660295288,-0.00980557557783223,0.057418554607989856
3,t,72,HD,-5.349186898138307,-0.011456541456149199,0.06128318145521166
3,t,73,HD,-4.869345540379277,-0.013254391707387538,0.06454021315080759
3,t,74,HD,-4.4157265321515125,-0.015207781741844298,0.06715340533263121
3,t,75,HD,-3.9878510841223838,-0.0173252755545065,0.06909061890275778
3,t,76,HD,-3.585229708643752,-0.019615202778268292,0.07032500774171895
3,t,77,HD,-3.207375079735001,-0.02208548575018785,0.070836436618995
3,t,78,HD,-2.853812852739376,-0.02474343276653953,0.07061312645004313
3,t,79,HD,-2.5240895181989447,-0.02759549365748314,0.06965349629037865
3,t,80,HD,-2.2177763473263132,-0.030646973932014248,0.06796813390354729
3,t,81,HD,-1.9344685353494995,-0.03390170409362875,0.06558177986385413
3,t,82,HD,-1.673778789437515,-0.0373616613871661,0.06253515636798522
3,t,83,HD,-1.4353248663498799,-0.041026542304198124,0.05888641634957086
3,t,84,HD,-1.2187109643260725,-0.04489328576087019,0.05471193958139605
3,t,85,HD,-1.023503426506755,-0.048955549095150694,0.05010617224540641
3,t,86,HD,-0.8492019120999394,-0.05320314204580699,0.04518020995502398
3,t,87,HD,-0.6952079988599669,-0.057621427808183245,0.04005887751798112
3,t,88,HD,-0.5607940179290164,-0.062190705230363866,0.03487617546397485
3,t,89,HD,-0.445075664843628,-0.06688559229484942,0.029769149459089945
3,t,90,HD,-0.34699241039614753,-0.07167443822680818,0.02487048608410995
3,t,91,HD,-0.2652997588089193,-0.07651879975872403,0.020300419120337476
3,t,92,HD,-0.1985767873437811,-0.08137302595846937,0.016158794071274952
3,t,93,HD,-0.14525103877371118,-0.08618400503552673,0.012518316257089011
3,t,94,HD,-0.10364074965412452,-0.09089113479058912,0.009420025346610735
3,t,95,HD,-0.07201180078507546,-0.09542658458037824,0.0068718401984023516
3,t,96,HD,-0.048644103956010265,-0.09971591910450868,0.004850591534988831
3,t,97,HD,-0.031899989325828444,-0.1036791508323544,0.0033073638048630627
3,t,98,HD,-0.020286160405697782,-0.10723227601551005,0.002175331151918696
3,t,99,HD,-0.012501395743129414,-0.11028932647605419,0.0013787705165203541
3,t,100,HD,-0.007464470859551208,-0.11276493364879536,8.417305612006585e-4
3,t,101,HD,-0.004320317377180851,-0.11457735173122069,4.950105237157553e-4
3,t,102,HD,-0.002426349142553079,-0.11565182431621521,2.806117047643481e-4
3,t,103,HD,-0.0013241099860410435,-0.11592410761395805,1.534962685145384e-4
3,t,104,HD,-7.030896613661578e-4,-0.11534389123499486,8.109709742906747e-5
3,t,105,HD,-3.634154544023416e-4,-0.1138777966320402,4.138495120937034e-5
3,t,106,HD,-1.825026267524052e-4,-0.11151159935366975,2.035115979540654e-5
3,t,107,HD,-8.842480670815795e-5,-0.10825133132941861,9.572103048704604e-6
3,t,108,HD,-4.0589350585930065e-5,-0.10412298811332393,4.226284468586334e-6
3,t,109,HD,-1.682523861820072e-5,-0.09917070023502933,1.6685706953884225e-6
3,t,110,HD,-5.341682384694724e-6,-0.09345342100506054,4.991984927721918e-7
3,t,50,HH,4.567756591413417,-0.0014766935920338398,-0.006745176888510527
3,t,51,HH,4.604216866643487,-0.001196467809835955,-0.005508797270442695
3,t,52,HH,4.62955281749098,-8.861482698333534e-4,-0.004102470219321758
3,t,53,HH,4.6436251718368835,-5.440570935552058e-4,-0.002526397214549368
3,t,54,HH,4.646098316409088,-1.6854967336155102e-4,-7.830983536364039e-4
3,t,55,HH,4.636559561433664,2.4195796752524146e-4,0.0011218525277942144
3,t,56,HH,4.614590175078127,6.889564524635849e-4,0.00317925167659514
3,t,57,HH,4.57981048025244,0.0011738041880462458,0.005375800722178402
3,t,58,HH,4.531910646945955,0.00169768149583982,0.007693740846119616
3,t,59,HH,4.4706732556669655,0.0022615367855192137,0.010110592023727787
3,t,60,HH,4.395990773268979,0.0028660237243770537,0.012599013848331522
3,t,61,HH,4.307879516688287,0.003511428267565786,0.015126809908166885
3,t,62,HH,4.206490838969816,0.004197584327423121,0.017657100019108633
3,t,63,HH,4.092119820495107,0.004923776783840039,0.020148684568845474
3,t,64,HH,3.965211509874418,0.005688630477690304,0.02255662304556
3,t,65,HH,3.8263646389082946,0.006489983795203269,0.02483304450105364
3,t,66,HH,3.676332682841923,0.007324745454369785,0.026928201107397454
3,t,67,HH,3.5160221222801282,0.008188733160724548,0.02879176694655639
3,t,68,HH,3.346487770555741,0.009076492928373203,0.030374372584336593
3,t,69,HH,3.168925051034157,0.009981098087761153,0.03162935176713544
3,t,70,HH,2.984659137950182,0.010893927354900579,0.03251465982796947
3,t,71,HH,2.795130909758553,0.011804421855337144,0.03299490439968226
3,t,72,HH,2.6018797054011653,0.012699821725806193,0.033043408410587935
3,t,73,HH,2.4065229226119698,0.013564883912087655,0.03264420407700928
3,t,74,HH,2.2107325558685322,0.014381584107420409,0.03179383619123578
3,t,75,HH,2.0162088432749283,0.015128807506348374,0.03050283548250371
3,t,76,HH,1.8246512805303676,0.015782035267491,0.028796710860202877
3,t,77,HH,1.6377273702823163,0.016313036375951828,0.026716306165307353
3,t,78,HH,1.4570396100009644,0.016689578065685717,0.024317376315907368
3,t,79,HH,1.2840913827960483,0.016875172193541843,0.02166926319692657
3,t,80,HH,1.1202526021259538,0.016828880024521764,0.01885259663833599
3,t,81,HH,0.9667261674309531,0.016505203834151994,0.015956012445256428
3,t,82,HH,0.8245165015149238,0.015854100545165672,0.013071967516165846
3,t,83,HH,0.6944016424664656,0.014821160187909244,0.010291837977742769
3,t,84,HH,0.5769105248004762,0.013348000068929555,0.007700601724802942
3,t,85,HH,0.472307169432352,0.011372933719299372,0.005371518133104038
3,t,86,HH,0.3805834664708619,0.008831981279861956,0.0033613060512956224
3,t,87,HH,0.3014620328488439,0.005660293926271209,0.0017063637135356828
3,t,88,HH,0.23441021828844036,0.0017940677711363318,4.205478178563232e-4
3,t,89,HH,0.17866569443898422,-0.002826979581434186,-5.050842700817678e-4
3,t,90,HH,0.1332731997579445,-0.008256506566128752,-0.0011003710488904574
3,t,91,HH,0.09713097697854409,-0.014537776689813042,-0.0014120684529774455
3,t,92,HH,0.06904433406163285,-0.021699211504847993,-0.0014982076080147517
3,t,93,HH,0.04778273960429041,-0.029749313052117143,-0.0014215036789758312
3,t,94,HH,0.032136123682371245,-0.03867107584153895,-0.0012427384761740544
3,t,95,HH,0.020965792562751804,-0.04841610656153261,-0.0010150820468651793
3,t,96,HH,0.013245730919888963,-0.05889879107092055,-7.801575380321723e-4
3,t,97,HH,0.008091103697159891,-0.06999098833315343,-5.663043444702525e-4
3,t,98,HH,0.004772377145366644,-0.08151787921443054,-3.890340637017069e-4
3,t,99,HH,0.002715390681836426,-0.0932557358630301,-2.53225756190271e-4
3,t,100,HH,0.0014895479320930114,-0.10493247671112116,-1.563019536944486e-4
3,t,101,HH,7.876581833030292e-4,-0.11623189572876602,-9.155100383158696e-5
3,t,102,HH,4.015568823397296e-4,-0.1268023586677698,-5.0918359819953824e-5
3,t,103,HH,1.9738501317354218e-4,-0.13627050009695219,-2.689775445680209e-5
3,t,104,HH,9.347424531949405e-5,-0.1442600010494157,-1.3484594727883552e-5
3,t,105,HH,4.250885792263894e-5,-0.15041487341510656,-6.393964483454487e-6
3,t,106,HH,1.840205376523025e-5,-0.15442586427789007,-2.8417530571838823e-6
3,t,107,HH,7.4214125179175165e-06,-0.15605772138982058,-1.1581687270400985e-6
3,t,108,HH,2.6362190851355726e-6,-0.15517429329923904,-4.0907343351787897e-7
3,t,109,HH,6.818221518352147e-7,-0.15175798446944977,-1.0347195552913534e-7
3,t,110,HH,0,-0.14592016140626338,-0
3,t,50,UD,-0.22781653775103458,-0.07591026313934701,0.017293613328176017
3,t,51,UD,-0.21961318003715796,-0.07717933817792538,0.016949599890417427
3,t,52,UD,-0.22228293826620976,-0.07841367020692172,0.017430021013832113
3,t,53,UD,-0.2313490788448234,-0.07960995171691304,0.0184176889965887
3,t,54,UD,-0.24438807061652815,-0.08076475491560423,0.019737942627641274
3,t,55,UD,-0.2600665678563182,-0.08187452859415001,0.02129282764633458
3,t,56,UD,-0.27763476002197635,-0.08293559507019777,0.02302580403459416
3,t,57,UD,-0.2966559276560829,-0.08394414723620383,0.024902528869654855
3,t,58,UD,-0.3168598658650849,-0.0848962457438536,0.026900213038846738
3,t,59,UD,-0.33806208888670425,-0.08578781635781757,0.029001608398952786
3,t,60,UD,-0.3601183996551827,-0.08661464751459512,0.031191528249653745
3,t,61,UD,-0.3828987084829146,-0.08737238812485576,0.033454774570075216
3,t,62,UD,-0.40627147153785637,-0.0880565456604687,0.03577486238401906
3,t,63,UD,-0.43009408996017395,-0.08866248457034123,0.03813321061488888
3,t,64,UD,-0.4542067437852082,-0.08918542507225463,0.040508621515168444
3,t,65,UD,-0.47842829751657706,-0.08962044237111018,0.04287695566629275
3,t,66,UD,-0.5025535582872689,-0.08996246635738425,0.045210957580202174
3,t,67,UD,-0.5263515316599352,-0.09020628184315978,0.04748021461349495
3,t,68,UD,-0.5495645314674077,-0.09034652939686574,0.049651248097694896
3,t,69,UD,-0.571908127036369,-0.09037770684185034,0.051687745045764656
3,t,70,UD,-0.5930719904757298,-0.09029417148818089,0.053550944012852326
3,t,71,UD,-0.6127217580232721,-0.09009014317164234,0.05520019090469697
3,t,72,UD,-0.6305020526430422,-0.08975970817888732,0.05659368025142891
3,t,73,UD,-0.6460408343974202,-0.08929682414315243,0.057689394778481895
3,t,74,UD,-0.6589552512678485,-0.08869532600101664,0.05844625083128365
3,t,75,UD,-0.6688591543050222,-0.08794893310750705,0.05882544902031613
3,t,76,UD,-0.6753724136542282,-0.08705125761461822,0.05879201796682072
3,t,77,UD,-0.6781321211070575,-0.08599581422726471,0.05831652390826349
3,t,78,UD,-0.6768056843760237,-0.08477603146108756,0.057376899991704686
3,t,79,UD,-0.671105701920721,-0.08338526453873918,0.055960326488115567
3,t,80,UD,-0.6608063491617497,-0.08181681007563812,0.05406506756614269
3,t,81,UD,-0.6457608037476961,-0.08006392272314805,0.05170214308889351
3,t,82,UD,-0.6259189899491562,-0.07811983395714453,0.048896687565451694
3,t,83,UD,-0.6013446381426708,-0.07597777322342067,0.04568882654592381
3,t,84,UD,-0.5722303531161309,-0.07363099167876294,0.04213388836862941
3,t,85,UD,-0.5389090969131274,-0.07107278879804144,0.03830177242624995
3,t,86,UD,-0.5018602670524209,-0.06829654215338038,0.0342753208838524
3,t,87,UD,-0.4617084551245337,-0.06529574071103175,0.03014759556990259
3,t,88,UD,-0.41921308314690237,-0.06206402203407338,0.026018050029401184
3,t,89,UD,-0.3752475179430473,-0.058595213822748043,0.02198770855032834
3,t,90,UD,-0.3307670242947472,-0.05488338026625167,0.018153612373905115
3,t,91,UD,-0.28676606085174183,-0.050922873715684575,0.014602951902697567
3,t,92,UD,-0.24422689977591908,-0.046708392211388616,0.011407445823305128
3,t,93,UD,-0.20406320882243714,-0.042235043400442984,0.008618618481049292
3,t,94,UD,-0.16706380163948079,-0.03749841535053272,0.00626462782391626
3,t,95,UD,-0.1338428668464275,-0.03249465469101209,0.0043491777410297715
3,t,96,UD,-0.10480322222631958,-0.02722055237475074,0.002852801599654173
3,t,97,UD,-0.08011818059296272,-0.02167363713797449,0.0017364523743265837
3,t,98,UD,-0.05973535703770672,-0.015852276423113154,9.469413919950847e-4
3,t,99,UD,-0.04340244214559432,-0.009755784108486598,4.2342485535349804e-4
3,t,100,UD,-0.03071124795903051,-0.0033845338533289304,1.0394325839531777e-4
3,t,101,UD,-0.021153112462633825,0.003259923774637241,-6.895753422451533e-5
3,t,102,UD,-0.014176937970524953,0.010174742941087833,-1.4424669954183884e-4
3,t,103,UD,-0.009241309402116323,0.017355666251970436,-1.6038908171432735e-4
3,t,104,UD,-0.00585424629936595,0.024796914505512746,-1.4516724497959184e-4
3,t,105,UD,-0.0035974956996191847,0.03249108698357733,-1.1688654569937232e-4
3,t,106,UD,-0.0021357926012234582,0.04042907698863768,-8.634812350662593e-5
3,t,107,UD,-0.0012141816215283632,0.048600007110354726,-5.900923543954048e-5
3,t,108,UD,-6.477506694345739e-4,0.056991187945768185,-3.691608014374296e-5
3,t,109,UD,-3.0803873487527284e-4,0.06558810266316473,-2.0203676167230774e-5
3,t,110,UD,-1.0956994516791528e-4,0.07437441796079969,-8.149200897860435e-6
3,t,50,UU,-0.03828028879540421,0.09838074589513268,-0.0037660433647729564
3,t,51,UU,-0.03858584576575277,0.0987862580811758,-0.0038117513180960976
3,t,52,UU,-0.04079493697747178,0.099169236002976,-0.004045602732845432
3,t,53,UU,-0.044302373042785385,0.09952775938406688,-0.004409315924345515
3,t,54,UU,-0.04877581283831295,0.09985967490014991,-0.004870736813024489
3,t,55,UU,-0.05403289593405436,0.10016259872983924,-0.005412075273653848
3,t,56,UU,-0.05997337235778562,0.10043391964400994,-0.0060233608601621275
3,t,57,UU,-0.06654083844492673,0.10067080260524652,-0.0066987196122768175
3,t,58,UU,-0.07370059797211219,0.10087019285525789,-0.007434193530994785
3,t,59,UU,-0.0814264054041934,0.10102882047423034,-0.008226413693442155
3,t,60,UU,-0.08969216021829049,0.10114320540180044,-0.00907175258388975
3,t,61,UU,-0.09846640480392886,0.10120966291443945,-0.009965751638602381
3,t,62,UU,-0.10770845311152785,0.10122430955843109,-0.010902713799821056
3,t,63,UU,-0.11736551859510777,0.10118306954111111,-0.01187540342973736
3,t,64,UU,-0.12737051638433997,0.10108168158536857,-0.012874825980525821
3,t,65,UU,-0.13764039187437052,0.1009157062534124,-0.013890077354998545
3,t,66,UU,-0.14807493302112312,0.10068053374518637,-0.014908263290849398
3,t,67,UU,-0.15855608738693508,0.10037139217429536,-0.015914495228735906
3,t,68,UU,-0.16894784398860627,0.09998335631952249,-0.016891972484927915
3,t,69,UU,-0.17909676299248442,0.09951135684268608,-0.01782216189151509
3,t,70,UU,-0.18883324758354672,0.09895018995319271,-0.018685085717870215
3,t,71,UU,-0.19797365365040565,0.09829452748588419,-0.019459726740220715
3,t,72,UU,-0.20632332450283247,0.09753892734113545,-0.02012455575746329
3,t,73,UU,-0.21368061899810428,0.09667784421422132,-0.020658181595097105
3,t,74,UU,-0.2198419710267371,0.09570564051438901,-0.021040116649059627
3,t,75,UU,-0.22460797495733195,0.0946165973424532,-0.02125164232644169
3,t,76,UU,-0.2277904341842463,0.09340492535901768,-0.021276748502477755
3,t,77,UU,-0.2292202377269981,0.09206477533362167,-0.02110310968825543
3,t,78,UU,-0.2287558432892432,0.09059024811874528,-0.020723048602185355
3,t,79,UU,-0.22629204630392755,0.08897540374263568,-0.020134426183639163
3,t,80,UU,-0.22176860757042618,0.08721426926310838,-0.019341387054751764
3,t,81,UU,-0.21517820444310382,0.08530084497361556,-0.018354882658902155
3,t,82,UU,-0.20657307312454837,0.08322910850706289,-0.01719289271772047
3,t,83,UU,-0.19606963743281375,0.08099301634804679,-0.01588027134995149
3,t,84,UU,-0.18385039125566116,0.07858650224833486,-0.014448159185770259
3,t,85,UU,-0.1701623392930865,0.07600347205448721,-0.01293292859918827
3,t,86,UU,-0.1553114254299996,0.073237794514182,-0.01137466626134701
3,t,87,UU,-0.13965260822250394,0.0702832877466657,-0.009815244448274618
3,t,88,UU,-0.12357558706838069,0.06713370126373497,-0.008296086545739339
3,t,89,UU,-0.10748663269164856,0.06378269373511336,-0.006855786973590044
3,t,90,UU,-0.09178750002114663,0.06022380713279807,-0.0055277926984752335
3,t,91,UU,-0.0768529401743465,0.05645043848992093,-0.00433838217208152
3,t,92,UU,-0.06300879230462844,0.052455811294701005,-0.0033051773190385983
3,t,93,UU,-0.05051291671286922,0.04823294952434509,-0.002436386962139269
3,t,94,UU,-0.03954121832683565,0.04377465850586981,-0.0017309033291632715
3,t,95,UU,-0.03018062396827766,0.03907351814225313,-0.0011792631581690168
3,t,96,UU,-0.022430101549483022,0.03412189549447553,-7.653575810019333e-4
3,t,97,UU,-0.016209722170704613,0.028911985139773222,-4.686552465192643e-4
3,t,98,UU,-0.011376547897742681,0.023435886942176576,-2.666194903237541e-4
3,t,99,UU,-0.007745037860144375,0.01768573160434117,-1.3697666085997427e-4
3,t,100,UU,-0.005108976980488259,0.011653864274713821,-5.953932431324741e-5
3,t,101,UU,-0.00326184452847,0.0053330951602375,-1.7395727268230527e-5
3,t,102,UU,-0.0020130962494708505,-0.0012829768682949272,2.5827559217223753e-6
3,t,103,UU,-0.0011988839785994237,-0.008199566631600153,9.830329066083866e-6
3,t,104,UU,-6.869772157070922e-4,-0.015420236978398894,1.0593351464964017e-5
3,t,105,UU,-3.767338612868925e-4,-0.022946380133169297,8.644678390125707e-6
3,t,106,UU,-1.9562993842567558e-4,-0.030776671377284792,6.020838326485476e-6
3,t,107,UU,-9.401458667640915e-5,-0.038906530725696054,3.6577814051893277e-6
3,t,108,UU,-3.950468877951679e-5,-0.047327636854249455,1.869663564597114e-6
3,t,109,UU,-1.1996738677044342e-5,-0.05602754221036976,6.721477826148773e-7
3,t,110,UU,0,-0.06498943686381842,-0
